Id,Label
0001.jpg,0.038025
0002.jpg,0.536200
0003.jpg,0.318897
0004.jpg,0.729998
0005.jpg,0.522702
0006.jpg,0.630337
0007.jpg,0.037841
0008.jpg,0.598204
0009.jpg,0.544580
0010.jpg,0.083587
0011.jpg,0.415071
0012.jpg,0.061630
0013.jpg,0.703127
0014.jpg,0.728860
0015.jpg,0.681587
0016.jpg,0.472927
0017.jpg,0.974464
0018.jpg,0.120388
0019.jpg,0.703708
0020.jpg,0.045433
0021.jpg,0.696477
0022.jpg,0.653575
0023.jpg,0.572632
0024.jpg,0.425663
0025.jpg,0.690387
0026.jpg,0.975122
0027.jpg,0.157006
0028.jpg,0.667316
0029.jpg,0.044333
0030.jpg,0.978219
0031.jpg,0.217454
0032.jpg,0.475214
0033.jpg,0.117574
0034.jpg,0.215133
0035.jpg,0.721364
0036.jpg,0.036938
0037.jpg,0.558561
0038.jpg,0.036651
0039.jpg,0.504438
0040.jpg,0.556531
0041.jpg,0.988279
0042.jpg,0.243261
0043.jpg,0.691656
0044.jpg,0.684612
0045.jpg,0.728055
0046.jpg,0.987174
0047.jpg,0.344307
0048.jpg,0.652824
0049.jpg,0.758154
0050.jpg,0.501767
0051.jpg,0.368185
0052.jpg,0.694555
0053.jpg,0.516424
0054.jpg,0.834658
0055.jpg,0.744359
0056.jpg,0.037333
0057.jpg,0.716082
0058.jpg,0.053365
0059.jpg,0.498067
0060.jpg,0.827997
0061.jpg,0.077826
0062.jpg,0.287761
0063.jpg,0.624140
0064.jpg,0.457380
0065.jpg,0.476253
0066.jpg,0.988427
0067.jpg,0.043919
0068.jpg,0.552862
0069.jpg,0.563021
0070.jpg,0.262136
0071.jpg,0.685151
0072.jpg,0.984278
0073.jpg,0.686626
0074.jpg,0.394540
0075.jpg,0.917172
0076.jpg,0.517066
0077.jpg,0.986377
0078.jpg,0.565802
0079.jpg,0.509279
0080.jpg,0.987331
0081.jpg,0.699198
0082.jpg,0.106506
0083.jpg,0.984809
0084.jpg,0.985739
0085.jpg,0.987137
0086.jpg,0.781277
0087.jpg,0.648339
0088.jpg,0.987705
0089.jpg,0.126215
0090.jpg,0.987181
0091.jpg,0.552301
0092.jpg,0.605084
0093.jpg,0.527328
0094.jpg,0.701640
0095.jpg,0.059358
0096.jpg,0.170877
0097.jpg,0.490033
0098.jpg,0.084540
0099.jpg,0.987583
0100.jpg,0.577833
0101.jpg,0.628700
0102.jpg,0.987325
0103.jpg,0.430248
0104.jpg,0.794321
0105.jpg,0.815801
0106.jpg,0.487815
0107.jpg,0.633469
0108.jpg,0.771570
0109.jpg,0.487499
0110.jpg,0.445541
0111.jpg,0.058621
0112.jpg,0.614508
0113.jpg,0.988405
0114.jpg,0.036548
0115.jpg,0.116002
0116.jpg,0.683906
0117.jpg,0.767284
0118.jpg,0.939861
0119.jpg,0.603952
0120.jpg,0.146545
0121.jpg,0.721290
0122.jpg,0.946933
0123.jpg,0.440014
0124.jpg,0.650632
0125.jpg,0.086514
0126.jpg,0.662895
0127.jpg,0.682585
0128.jpg,0.074109
0129.jpg,0.811867
0130.jpg,0.740835
0131.jpg,0.900275
0132.jpg,0.536976
0133.jpg,0.636102
0134.jpg,0.408729
0135.jpg,0.040689
0136.jpg,0.371263
0137.jpg,0.545420
0138.jpg,0.035750
0139.jpg,0.509020
0140.jpg,0.418091
0141.jpg,0.795095
0142.jpg,0.602748
0143.jpg,0.564219
0144.jpg,0.169577
0145.jpg,0.898939
0146.jpg,0.823637
0147.jpg,0.221031
0148.jpg,0.986815
0149.jpg,0.645774
0150.jpg,0.083441
0151.jpg,0.718357
0152.jpg,0.757717
0153.jpg,0.982480
0154.jpg,0.240873
0155.jpg,0.951306
0156.jpg,0.101370
0157.jpg,0.052849
0158.jpg,0.873322
0159.jpg,0.697142
0160.jpg,0.151905
0161.jpg,0.063521
0162.jpg,0.192659
0163.jpg,0.040536
0164.jpg,0.285295
0165.jpg,0.070703
0166.jpg,0.510695
0167.jpg,0.988710
0168.jpg,0.415945
0169.jpg,0.551487
0170.jpg,0.591246
0171.jpg,0.441747
0172.jpg,0.294332
0173.jpg,0.429029
0174.jpg,0.619535
0175.jpg,0.102778
0176.jpg,0.772610
0177.jpg,0.415767
0178.jpg,0.627001
0179.jpg,0.675381
0180.jpg,0.678779
0181.jpg,0.786734
0182.jpg,0.055130
0183.jpg,0.500583
0184.jpg,0.986821
0185.jpg,0.325513
0186.jpg,0.699364
0187.jpg,0.985818
0188.jpg,0.066040
0189.jpg,0.044871
0190.jpg,0.662346
0191.jpg,0.684347
0192.jpg,0.842145
0193.jpg,0.506897
0194.jpg,0.439673
0195.jpg,0.270666
0196.jpg,0.985801
0197.jpg,0.034999
0198.jpg,0.044265
0199.jpg,0.749654
0200.jpg,0.714599
0201.jpg,0.035169
0202.jpg,0.136169
0203.jpg,0.681337
0204.jpg,0.032901
0205.jpg,0.669318
0206.jpg,0.612868
0207.jpg,0.988908
0208.jpg,0.249776
0209.jpg,0.669564
0210.jpg,0.983329
0211.jpg,0.974512
0212.jpg,0.960717
0213.jpg,0.035389
0214.jpg,0.608551
0215.jpg,0.633566
0216.jpg,0.524593
0217.jpg,0.712556
0218.jpg,0.081151
0219.jpg,0.433553
0220.jpg,0.664868
0221.jpg,0.080727
0222.jpg,0.725017
0223.jpg,0.058833
0224.jpg,0.541752
0225.jpg,0.042319
0226.jpg,0.049980
0227.jpg,0.642114
0228.jpg,0.516266
0229.jpg,0.041648
0230.jpg,0.421930
0231.jpg,0.203491
0232.jpg,0.049016
0233.jpg,0.529330
0234.jpg,0.431820
0235.jpg,0.570869
0236.jpg,0.078024
0237.jpg,0.656934
0238.jpg,0.435044
0239.jpg,0.395276
0240.jpg,0.046376
0241.jpg,0.688817
0242.jpg,0.476203
0243.jpg,0.884750
0244.jpg,0.707536
0245.jpg,0.633887
0246.jpg,0.679280
0247.jpg,0.644116
0248.jpg,0.654833
0249.jpg,0.972783
0250.jpg,0.625205
0251.jpg,0.036236
0252.jpg,0.040563
0253.jpg,0.093899
0254.jpg,0.479319
0255.jpg,0.480473
0256.jpg,0.031453
0257.jpg,0.560573
0258.jpg,0.225885
0259.jpg,0.040953
0260.jpg,0.035813
0261.jpg,0.686080
0262.jpg,0.060737
0263.jpg,0.646954
0264.jpg,0.037417
0265.jpg,0.035829
0266.jpg,0.103233
0267.jpg,0.044864
0268.jpg,0.035437
0269.jpg,0.988461
0270.jpg,0.988378
0271.jpg,0.987289
0272.jpg,0.604184
0273.jpg,0.987744
0274.jpg,0.918595
0275.jpg,0.989176
0276.jpg,0.447693
0277.jpg,0.933406
0278.jpg,0.725626
0279.jpg,0.667009
0280.jpg,0.698928
0281.jpg,0.753814
0282.jpg,0.703966
0283.jpg,0.594841
0284.jpg,0.066135
0285.jpg,0.653447
0286.jpg,0.067074
0287.jpg,0.035563
0288.jpg,0.626646
0289.jpg,0.480405
0290.jpg,0.433502
0291.jpg,0.569339
0292.jpg,0.987929
0293.jpg,0.120869
0294.jpg,0.603411
0295.jpg,0.469684
0296.jpg,0.063417
0297.jpg,0.682568
0298.jpg,0.679042
0299.jpg,0.683721
0300.jpg,0.529868
0301.jpg,0.697698
0302.jpg,0.488413
0303.jpg,0.414836
0304.jpg,0.659824
0305.jpg,0.631311
0306.jpg,0.986428
0307.jpg,0.651216
0308.jpg,0.472414
0309.jpg,0.410289
0310.jpg,0.684219
0311.jpg,0.649219
0312.jpg,0.987923
0313.jpg,0.563976
0314.jpg,0.034273
0315.jpg,0.202475
0316.jpg,0.371685
0317.jpg,0.624962
0318.jpg,0.045878
0319.jpg,0.671047
0320.jpg,0.044311
0321.jpg,0.738190
0322.jpg,0.650293
0323.jpg,0.042298
0324.jpg,0.679019
0325.jpg,0.429276
0326.jpg,0.075019
0327.jpg,0.988537
0328.jpg,0.628130
0329.jpg,0.597600
0330.jpg,0.455366
0331.jpg,0.611344
0332.jpg,0.463974
0333.jpg,0.492464
0334.jpg,0.989462
0335.jpg,0.674703
0336.jpg,0.289746
0337.jpg,0.575202
0338.jpg,0.975962
0339.jpg,0.596040
0340.jpg,0.577444
0341.jpg,0.535121
0342.jpg,0.600856
0343.jpg,0.534698
0344.jpg,0.507561
0345.jpg,0.702838
0346.jpg,0.053778
0347.jpg,0.659590
0348.jpg,0.297523
0349.jpg,0.295354
0350.jpg,0.537340
0351.jpg,0.687663
0352.jpg,0.986945
0353.jpg,0.487828
0354.jpg,0.059073
0355.jpg,0.335711
0356.jpg,0.308708
0357.jpg,0.045138
0358.jpg,0.738722
0359.jpg,0.831284
0360.jpg,0.679883
0361.jpg,0.046977
0362.jpg,0.742129
0363.jpg,0.045274
0364.jpg,0.545428
0365.jpg,0.294218
0366.jpg,0.758483
0367.jpg,0.050947
0368.jpg,0.053147
0369.jpg,0.720462
0370.jpg,0.757440
0371.jpg,0.530348
0372.jpg,0.728581
0373.jpg,0.552355
0374.jpg,0.664285
0375.jpg,0.485844
0376.jpg,0.671523
0377.jpg,0.616883
0378.jpg,0.386575
0379.jpg,0.693532
0380.jpg,0.337221
0381.jpg,0.989279
0382.jpg,0.654342
0383.jpg,0.038150
0384.jpg,0.054988
0385.jpg,0.453796
0386.jpg,0.041649
0387.jpg,0.955086
0388.jpg,0.964949
0389.jpg,0.668807
0390.jpg,0.723496
0391.jpg,0.731442
0392.jpg,0.583761
0393.jpg,0.040263
0394.jpg,0.065376
0395.jpg,0.878710
0396.jpg,0.183484
0397.jpg,0.046955
0398.jpg,0.985935
0399.jpg,0.039838
0400.jpg,0.988953
0401.jpg,0.990263
0402.jpg,0.043565
0403.jpg,0.665508
0404.jpg,0.483379
0405.jpg,0.639829
0406.jpg,0.474503
0407.jpg,0.445716
0408.jpg,0.771172
0409.jpg,0.618318
0410.jpg,0.729122
0411.jpg,0.611854
0412.jpg,0.986058
0413.jpg,0.980436
0414.jpg,0.586972
0415.jpg,0.987669
0416.jpg,0.712243
0417.jpg,0.075558
0418.jpg,0.981573
0419.jpg,0.621749
0420.jpg,0.987962
0421.jpg,0.687169
0422.jpg,0.987770
0423.jpg,0.261374
0424.jpg,0.561116
0425.jpg,0.553706
0426.jpg,0.701467
0427.jpg,0.612985
0428.jpg,0.761383
0429.jpg,0.438833
0430.jpg,0.501318
0431.jpg,0.985849
0432.jpg,0.728001
0433.jpg,0.254432
0434.jpg,0.067228
0435.jpg,0.987686
0436.jpg,0.751111
0437.jpg,0.725405
0438.jpg,0.984110
0439.jpg,0.077196
0440.jpg,0.549252
0441.jpg,0.273964
0442.jpg,0.379746
0443.jpg,0.549211
0444.jpg,0.445643
0445.jpg,0.663711
0446.jpg,0.445584
0447.jpg,0.679537
0448.jpg,0.518404
0449.jpg,0.059326
0450.jpg,0.976601
0451.jpg,0.680581
0452.jpg,0.606321
0453.jpg,0.668061
0454.jpg,0.987476
0455.jpg,0.680489
0456.jpg,0.572639
0457.jpg,0.289666
0458.jpg,0.662031
0459.jpg,0.862799
0460.jpg,0.600482
0461.jpg,0.521665
0462.jpg,0.541430
0463.jpg,0.037860
0464.jpg,0.865679
0465.jpg,0.495603
0466.jpg,0.367766
0467.jpg,0.525536
0468.jpg,0.987557
0469.jpg,0.069692
0470.jpg,0.950018
0471.jpg,0.617425
0472.jpg,0.922111
0473.jpg,0.752881
0474.jpg,0.685817
0475.jpg,0.766261
0476.jpg,0.086531
0477.jpg,0.591808
0478.jpg,0.117120
0479.jpg,0.661187
0480.jpg,0.048324
0481.jpg,0.439499
0482.jpg,0.768211
0483.jpg,0.707961
0484.jpg,0.036611
0485.jpg,0.413174
0486.jpg,0.460591
0487.jpg,0.494256
0488.jpg,0.096755
0489.jpg,0.043647
0490.jpg,0.690075
0491.jpg,0.046138
0492.jpg,0.634299
0493.jpg,0.644835
0494.jpg,0.989060
0495.jpg,0.189756
0496.jpg,0.659072
0497.jpg,0.791897
0498.jpg,0.200362
0499.jpg,0.654294
0500.jpg,0.987291
0501.jpg,0.931311
0502.jpg,0.037728
0503.jpg,0.988109
0504.jpg,0.495030
0505.jpg,0.041164
0506.jpg,0.986957
0507.jpg,0.514927
0508.jpg,0.965925
0509.jpg,0.035680
0510.jpg,0.363907
0511.jpg,0.063152
0512.jpg,0.668297
0513.jpg,0.765240
0514.jpg,0.089249
0515.jpg,0.055271
0516.jpg,0.356983
0517.jpg,0.034901
0518.jpg,0.488375
0519.jpg,0.974572
0520.jpg,0.637994
0521.jpg,0.483588
0522.jpg,0.535397
0523.jpg,0.408031
0524.jpg,0.430474
0525.jpg,0.435538
0526.jpg,0.969649
0527.jpg,0.820625
0528.jpg,0.497206
0529.jpg,0.988234
0530.jpg,0.126297
0531.jpg,0.573799
0532.jpg,0.527492
0533.jpg,0.361022
0534.jpg,0.035116
0535.jpg,0.442077
0536.jpg,0.989566
0537.jpg,0.741933
0538.jpg,0.665564
0539.jpg,0.682243
0540.jpg,0.689345
0541.jpg,0.987529
0542.jpg,0.716186
0543.jpg,0.983551
0544.jpg,0.661493
0545.jpg,0.669911
0546.jpg,0.554874
0547.jpg,0.042935
0548.jpg,0.840958
0549.jpg,0.065913
0550.jpg,0.561231
0551.jpg,0.669806
0552.jpg,0.043952
0553.jpg,0.088320
0554.jpg,0.960196
0555.jpg,0.423722
0556.jpg,0.757370
0557.jpg,0.987433
0558.jpg,0.858694
0559.jpg,0.099169
0560.jpg,0.080562
0561.jpg,0.704980
0562.jpg,0.976832
0563.jpg,0.568034
0564.jpg,0.676026
0565.jpg,0.550008
0566.jpg,0.050932
0567.jpg,0.477145
0568.jpg,0.678023
0569.jpg,0.042393
0570.jpg,0.147133
0571.jpg,0.044646
0572.jpg,0.654926
0573.jpg,0.416664
0574.jpg,0.718593
0575.jpg,0.040484
0576.jpg,0.641533
0577.jpg,0.718066
0578.jpg,0.639750
0579.jpg,0.515099
0580.jpg,0.457058
0581.jpg,0.645575
0582.jpg,0.641567
0583.jpg,0.987727
0584.jpg,0.986805
0585.jpg,0.721931
0586.jpg,0.244423
0587.jpg,0.042719
0588.jpg,0.987034
0589.jpg,0.863824
0590.jpg,0.538161
0591.jpg,0.476052
0592.jpg,0.437054
0593.jpg,0.624790
0594.jpg,0.985625
0595.jpg,0.986942
0596.jpg,0.988811
0597.jpg,0.988188
0598.jpg,0.584718
0599.jpg,0.598791
0600.jpg,0.523709
0601.jpg,0.669345
0602.jpg,0.682952
0603.jpg,0.421754
0604.jpg,0.036336
0605.jpg,0.221829
0606.jpg,0.543568
0607.jpg,0.559781
0608.jpg,0.058868
0609.jpg,0.530995
0610.jpg,0.740372
0611.jpg,0.710182
0612.jpg,0.987796
0613.jpg,0.675975
0614.jpg,0.264140
0615.jpg,0.048446
0616.jpg,0.988281
0617.jpg,0.040578
0618.jpg,0.406371
0619.jpg,0.519175
0620.jpg,0.384489
0621.jpg,0.440698
0622.jpg,0.184237
0623.jpg,0.677800
0624.jpg,0.484593
0625.jpg,0.389216
0626.jpg,0.708724
0627.jpg,0.492753
0628.jpg,0.987867
0629.jpg,0.039058
0630.jpg,0.987333
0631.jpg,0.413109
0632.jpg,0.694119
0633.jpg,0.665275
0634.jpg,0.115817
0635.jpg,0.035116
0636.jpg,0.077441
0637.jpg,0.507717
0638.jpg,0.088220
0639.jpg,0.850236
0640.jpg,0.409733
0641.jpg,0.475371
0642.jpg,0.278729
0643.jpg,0.651196
0644.jpg,0.644388
0645.jpg,0.694754
0646.jpg,0.629331
0647.jpg,0.042451
0648.jpg,0.663430
0649.jpg,0.041559
0650.jpg,0.548338
0651.jpg,0.054643
0652.jpg,0.725492
0653.jpg,0.413790
0654.jpg,0.575010
0655.jpg,0.397843
0656.jpg,0.688948
0657.jpg,0.652984
0658.jpg,0.628293
0659.jpg,0.576392
0660.jpg,0.542518
0661.jpg,0.036555
0662.jpg,0.685844
0663.jpg,0.038042
0664.jpg,0.983250
0665.jpg,0.463581
0666.jpg,0.507166
0667.jpg,0.519403
0668.jpg,0.984450
0669.jpg,0.646992
0670.jpg,0.534408
0671.jpg,0.044756
0672.jpg,0.382607
0673.jpg,0.253680
0674.jpg,0.669141
0675.jpg,0.545233
0676.jpg,0.035567
0677.jpg,0.547952
0678.jpg,0.044611
0679.jpg,0.985853
0680.jpg,0.825549
0681.jpg,0.733701
0682.jpg,0.037675
0683.jpg,0.756414
0684.jpg,0.682558
0685.jpg,0.037995
0686.jpg,0.688594
0687.jpg,0.450184
0688.jpg,0.654021
0689.jpg,0.984388
0690.jpg,0.521244
0691.jpg,0.988865
0692.jpg,0.727537
0693.jpg,0.660365
0694.jpg,0.581595
0695.jpg,0.986341
0696.jpg,0.033970
0697.jpg,0.656082
0698.jpg,0.576955
0699.jpg,0.986011
0700.jpg,0.982733
0701.jpg,0.601047
0702.jpg,0.692479
0703.jpg,0.037039
0704.jpg,0.610369
0705.jpg,0.473756
0706.jpg,0.628085
0707.jpg,0.987194
0708.jpg,0.684205
0709.jpg,0.696866
0710.jpg,0.984654
0711.jpg,0.040434
0712.jpg,0.283820
0713.jpg,0.986086
0714.jpg,0.540751
0715.jpg,0.043562
0716.jpg,0.047087
0717.jpg,0.988059
0718.jpg,0.659909
0719.jpg,0.354632
0720.jpg,0.644349
0721.jpg,0.482306
0722.jpg,0.647983
0723.jpg,0.644336
0724.jpg,0.605087
0725.jpg,0.568179
0726.jpg,0.984440
0727.jpg,0.599721
0728.jpg,0.679209
0729.jpg,0.986190
0730.jpg,0.870751
0731.jpg,0.618376
0732.jpg,0.988936
0733.jpg,0.344188
0734.jpg,0.987811
0735.jpg,0.555628
0736.jpg,0.144216
0737.jpg,0.163610
0738.jpg,0.486600
0739.jpg,0.664271
0740.jpg,0.988051
0741.jpg,0.049887
0742.jpg,0.526796
0743.jpg,0.096698
0744.jpg,0.222895
0745.jpg,0.454610
0746.jpg,0.600385
0747.jpg,0.698436
0748.jpg,0.787807
0749.jpg,0.054779
0750.jpg,0.987445
0751.jpg,0.435966
0752.jpg,0.711893
0753.jpg,0.762663
0754.jpg,0.983929
0755.jpg,0.573909
0756.jpg,0.732574
0757.jpg,0.624482
0758.jpg,0.640088
0759.jpg,0.471643
0760.jpg,0.625135
0761.jpg,0.536108
0762.jpg,0.384093
0763.jpg,0.683541
0764.jpg,0.033190
0765.jpg,0.441438
0766.jpg,0.038456
0767.jpg,0.368763
0768.jpg,0.592076
0769.jpg,0.485869
0770.jpg,0.243048
0771.jpg,0.603321
0772.jpg,0.622774
0773.jpg,0.459765
0774.jpg,0.694357
0775.jpg,0.041770
0776.jpg,0.695669
0777.jpg,0.986013
0778.jpg,0.512877
0779.jpg,0.591744
0780.jpg,0.691908
0781.jpg,0.064193
0782.jpg,0.794166
0783.jpg,0.801741
0784.jpg,0.700617
0785.jpg,0.493519
0786.jpg,0.563193
0787.jpg,0.540113
0788.jpg,0.553983
0789.jpg,0.085162
0790.jpg,0.700546
0791.jpg,0.743516
0792.jpg,0.561137
0793.jpg,0.477253
0794.jpg,0.404620
0795.jpg,0.986007
0796.jpg,0.593320
0797.jpg,0.656605
0798.jpg,0.825663
0799.jpg,0.037046
0800.jpg,0.655923
0801.jpg,0.241807
0802.jpg,0.987356
0803.jpg,0.665758
0804.jpg,0.466659
0805.jpg,0.367379
0806.jpg,0.951842
0807.jpg,0.339776
0808.jpg,0.682450
0809.jpg,0.759552
0810.jpg,0.741937
0811.jpg,0.176571
0812.jpg,0.738559
0813.jpg,0.600219
0814.jpg,0.665461
0815.jpg,0.896060
0816.jpg,0.039364
0817.jpg,0.560474
0818.jpg,0.656207
0819.jpg,0.979047
0820.jpg,0.676376
0821.jpg,0.417739
0822.jpg,0.599861
0823.jpg,0.735316
0824.jpg,0.123937
0825.jpg,0.678793
0826.jpg,0.663830
0827.jpg,0.532376
0828.jpg,0.592244
0829.jpg,0.288255
0830.jpg,0.988183
0831.jpg,0.709257
0832.jpg,0.409270
0833.jpg,0.987653
0834.jpg,0.502998
0835.jpg,0.180035
0836.jpg,0.583795
0837.jpg,0.987198
0838.jpg,0.679946
0839.jpg,0.719671
0840.jpg,0.040322
0841.jpg,0.984266
0842.jpg,0.617644
0843.jpg,0.361845
0844.jpg,0.326728
0845.jpg,0.943806
0846.jpg,0.030164
0847.jpg,0.987172
0848.jpg,0.067972
0849.jpg,0.452466
0850.jpg,0.721154
0851.jpg,0.424088
0852.jpg,0.987557
0853.jpg,0.783844
0854.jpg,0.160695
0855.jpg,0.047360
0856.jpg,0.594884
0857.jpg,0.132067
0858.jpg,0.596046
0859.jpg,0.235732
0860.jpg,0.987085
0861.jpg,0.225850
0862.jpg,0.676931
0863.jpg,0.346859
0864.jpg,0.469738
0865.jpg,0.798335
0866.jpg,0.047195
0867.jpg,0.846346
0868.jpg,0.752196
0869.jpg,0.437611
0870.jpg,0.057744
0871.jpg,0.314352
0872.jpg,0.826395
0873.jpg,0.987490
0874.jpg,0.118909
0875.jpg,0.237761
0876.jpg,0.689533
0877.jpg,0.682881
0878.jpg,0.654054
0879.jpg,0.374870
0880.jpg,0.734831
0881.jpg,0.726325
0882.jpg,0.682480
0883.jpg,0.386451
0884.jpg,0.534182
0885.jpg,0.041830
0886.jpg,0.655250
0887.jpg,0.495401
0888.jpg,0.656417
0889.jpg,0.231059
0890.jpg,0.418852
0891.jpg,0.032029
0892.jpg,0.039342
0893.jpg,0.051717
0894.jpg,0.297659
0895.jpg,0.657743
0896.jpg,0.869690
0897.jpg,0.565223
0898.jpg,0.665985
0899.jpg,0.528510
0900.jpg,0.988706
0901.jpg,0.421476
0902.jpg,0.575746
0903.jpg,0.416640
0904.jpg,0.541000
0905.jpg,0.369668
0906.jpg,0.822780
0907.jpg,0.516481
0908.jpg,0.041163
0909.jpg,0.037937
0910.jpg,0.475528
0911.jpg,0.124572
0912.jpg,0.681633
0913.jpg,0.473017
0914.jpg,0.957256
0915.jpg,0.660657
0916.jpg,0.981560
0917.jpg,0.585750
0918.jpg,0.681459
0919.jpg,0.052895
0920.jpg,0.641101
0921.jpg,0.649890
0922.jpg,0.987305
0923.jpg,0.729215
0924.jpg,0.378763
0925.jpg,0.691490
0926.jpg,0.988919
0927.jpg,0.714741
0928.jpg,0.676399
0929.jpg,0.038029
0930.jpg,0.974378
0931.jpg,0.514666
0932.jpg,0.221994
0933.jpg,0.823481
0934.jpg,0.806709
0935.jpg,0.676621
0936.jpg,0.100576
0937.jpg,0.059074
0938.jpg,0.243834
0939.jpg,0.295323
0940.jpg,0.604836
0941.jpg,0.661631
0942.jpg,0.767991
0943.jpg,0.636991
0944.jpg,0.700657
0945.jpg,0.790493
0946.jpg,0.536742
0947.jpg,0.988250
0948.jpg,0.685315
0949.jpg,0.416846
0950.jpg,0.485625
0951.jpg,0.137277
0952.jpg,0.704411
0953.jpg,0.671682
0954.jpg,0.060601
0955.jpg,0.036322
0956.jpg,0.354349
0957.jpg,0.764662
0958.jpg,0.036842
0959.jpg,0.125750
0960.jpg,0.988556
0961.jpg,0.640762
0962.jpg,0.677900
0963.jpg,0.669892
0964.jpg,0.236622
0965.jpg,0.222626
0966.jpg,0.197478
0967.jpg,0.964446
0968.jpg,0.688103
0969.jpg,0.267501
0970.jpg,0.988744
0971.jpg,0.629509
0972.jpg,0.682526
0973.jpg,0.127299
0974.jpg,0.063506
0975.jpg,0.329682
0976.jpg,0.049744
0977.jpg,0.653769
0978.jpg,0.441930
0979.jpg,0.617364
0980.jpg,0.663504
0981.jpg,0.988250
0982.jpg,0.572505
0983.jpg,0.631362
0984.jpg,0.306230
0985.jpg,0.532945
0986.jpg,0.689468
0987.jpg,0.977262
0988.jpg,0.036480
0989.jpg,0.988108
0990.jpg,0.289773
0991.jpg,0.648628
0992.jpg,0.500644
0993.jpg,0.722830
0994.jpg,0.311365
0995.jpg,0.583171
0996.jpg,0.669966
0997.jpg,0.719801
0998.jpg,0.734909
0999.jpg,0.835497
1000.jpg,0.708744
1001.jpg,0.780124
1002.jpg,0.987659
1003.jpg,0.748548
1004.jpg,0.559673
1005.jpg,0.066649
1006.jpg,0.060559
1007.jpg,0.400542
1008.jpg,0.778072
1009.jpg,0.432023
1010.jpg,0.407913
1011.jpg,0.669061
1012.jpg,0.051029
1013.jpg,0.704896
1014.jpg,0.704708
1015.jpg,0.687408
1016.jpg,0.694224
1017.jpg,0.629918
1018.jpg,0.058180
1019.jpg,0.660034
1020.jpg,0.247530
1021.jpg,0.134688
1022.jpg,0.450657
1023.jpg,0.419971
1024.jpg,0.443380
1025.jpg,0.375465
1026.jpg,0.987241
1027.jpg,0.637551
1028.jpg,0.644552
1029.jpg,0.986840
1030.jpg,0.043714
1031.jpg,0.660954
1032.jpg,0.454725
1033.jpg,0.468438
1034.jpg,0.590694
1035.jpg,0.413294
1036.jpg,0.346377
1037.jpg,0.719417
1038.jpg,0.609468
1039.jpg,0.668370
1040.jpg,0.698222
1041.jpg,0.730540
1042.jpg,0.101017
1043.jpg,0.602571
1044.jpg,0.731851
1045.jpg,0.929977
1046.jpg,0.442288
1047.jpg,0.501841
1048.jpg,0.657915
1049.jpg,0.987766
1050.jpg,0.986461
1051.jpg,0.471255
1052.jpg,0.505215
1053.jpg,0.677292
1054.jpg,0.297527
1055.jpg,0.253900
1056.jpg,0.538515
1057.jpg,0.341586
1058.jpg,0.143965
1059.jpg,0.342723
1060.jpg,0.031479
1061.jpg,0.985515
1062.jpg,0.697841
1063.jpg,0.477892
1064.jpg,0.658030
1065.jpg,0.909269
1066.jpg,0.730193
1067.jpg,0.644288
1068.jpg,0.622414
1069.jpg,0.702086
1070.jpg,0.584748
1071.jpg,0.405963
1072.jpg,0.043101
1073.jpg,0.834372
1074.jpg,0.687934
1075.jpg,0.662137
1076.jpg,0.528645
1077.jpg,0.369037
1078.jpg,0.792579
1079.jpg,0.049612
1080.jpg,0.725599
1081.jpg,0.500699
1082.jpg,0.624777
1083.jpg,0.439426
1084.jpg,0.054570
1085.jpg,0.581611
1086.jpg,0.605031
1087.jpg,0.041413
1088.jpg,0.988210
1089.jpg,0.632058
1090.jpg,0.987595
1091.jpg,0.198819
1092.jpg,0.038438
1093.jpg,0.710671
1094.jpg,0.634267
1095.jpg,0.476871
1096.jpg,0.624039
1097.jpg,0.680613
1098.jpg,0.084529
1099.jpg,0.419883
1100.jpg,0.514657
1101.jpg,0.661585
1102.jpg,0.040064
1103.jpg,0.251644
1104.jpg,0.142182
1105.jpg,0.987239
1106.jpg,0.463517
1107.jpg,0.571591
1108.jpg,0.035071
1109.jpg,0.829065
1110.jpg,0.987105
1111.jpg,0.704635
1112.jpg,0.981031
1113.jpg,0.687632
1114.jpg,0.987388
1115.jpg,0.293446
1116.jpg,0.543951
1117.jpg,0.975019
1118.jpg,0.793861
1119.jpg,0.395099
1120.jpg,0.988500
1121.jpg,0.986875
1122.jpg,0.967437
1123.jpg,0.324469
1124.jpg,0.724197
1125.jpg,0.076788
1126.jpg,0.660580
1127.jpg,0.650985
1128.jpg,0.438014
1129.jpg,0.704400
1130.jpg,0.671752
1131.jpg,0.478390
1132.jpg,0.682641
1133.jpg,0.041680
1134.jpg,0.707779
1135.jpg,0.750061
1136.jpg,0.038552
1137.jpg,0.508170
1138.jpg,0.662408
1139.jpg,0.480117
1140.jpg,0.231106
1141.jpg,0.663411
1142.jpg,0.049839
1143.jpg,0.381364
1144.jpg,0.103299
1145.jpg,0.328572
1146.jpg,0.650448
1147.jpg,0.446044
1148.jpg,0.667581
1149.jpg,0.083686
1150.jpg,0.677034
1151.jpg,0.510191
1152.jpg,0.668692
1153.jpg,0.672782
1154.jpg,0.696662
1155.jpg,0.649502
1156.jpg,0.071312
1157.jpg,0.212873
1158.jpg,0.337624
1159.jpg,0.036462
1160.jpg,0.654301
1161.jpg,0.988000
1162.jpg,0.323587
1163.jpg,0.661529
1164.jpg,0.620846
1165.jpg,0.745974
1166.jpg,0.681060
1167.jpg,0.034109
1168.jpg,0.988465
1169.jpg,0.477486
1170.jpg,0.436587
1171.jpg,0.537528
1172.jpg,0.684261
1173.jpg,0.592028
1174.jpg,0.397231
1175.jpg,0.695442
1176.jpg,0.987070
1177.jpg,0.472223
1178.jpg,0.987459
1179.jpg,0.707485
1180.jpg,0.987350
1181.jpg,0.986980
1182.jpg,0.729899
1183.jpg,0.550421
1184.jpg,0.036525
1185.jpg,0.109073
1186.jpg,0.317120
1187.jpg,0.409765
1188.jpg,0.036136
1189.jpg,0.060481
1190.jpg,0.330751
1191.jpg,0.525035
1192.jpg,0.192576
1193.jpg,0.090579
1194.jpg,0.788723
1195.jpg,0.449986
1196.jpg,0.747879
1197.jpg,0.049285
1198.jpg,0.038631
1199.jpg,0.987001
1200.jpg,0.657130
1201.jpg,0.646544
1202.jpg,0.986905
1203.jpg,0.753188
1204.jpg,0.775368
1205.jpg,0.752447
1206.jpg,0.041282
1207.jpg,0.980820
1208.jpg,0.988125
1209.jpg,0.499906
1210.jpg,0.986872
1211.jpg,0.487521
1212.jpg,0.034260
1213.jpg,0.681929
1214.jpg,0.988071
1215.jpg,0.037014
1216.jpg,0.722852
1217.jpg,0.633354
1218.jpg,0.099516
1219.jpg,0.471795
1220.jpg,0.691062
1221.jpg,0.211922
1222.jpg,0.673302
1223.jpg,0.628975
1224.jpg,0.468503
1225.jpg,0.424366
1226.jpg,0.491338
1227.jpg,0.760429
1228.jpg,0.839119
1229.jpg,0.589746
1230.jpg,0.624913
1231.jpg,0.572012
1232.jpg,0.987821
1233.jpg,0.581721
1234.jpg,0.415397
1235.jpg,0.408157
1236.jpg,0.814989
1237.jpg,0.987186
1238.jpg,0.735586
1239.jpg,0.037364
1240.jpg,0.680483
1241.jpg,0.736179
1242.jpg,0.532658
1243.jpg,0.080940
1244.jpg,0.488612
1245.jpg,0.088189
1246.jpg,0.987384
1247.jpg,0.898502
1248.jpg,0.074220
1249.jpg,0.243770
1250.jpg,0.296029
1251.jpg,0.832224
1252.jpg,0.121806
1253.jpg,0.433583
1254.jpg,0.665397
1255.jpg,0.518064
1256.jpg,0.851335
1257.jpg,0.338111
1258.jpg,0.330661
1259.jpg,0.255324
1260.jpg,0.987450
1261.jpg,0.187069
1262.jpg,0.698424
1263.jpg,0.035045
1264.jpg,0.205735
1265.jpg,0.607647
1266.jpg,0.441613
1267.jpg,0.480842
1268.jpg,0.499278
1269.jpg,0.987656
1270.jpg,0.525894
1271.jpg,0.037286
1272.jpg,0.986660
1273.jpg,0.548526
1274.jpg,0.987631
1275.jpg,0.260357
1276.jpg,0.177431
1277.jpg,0.698832
1278.jpg,0.057017
1279.jpg,0.646635
1280.jpg,0.562851
1281.jpg,0.656804
1282.jpg,0.613515
1283.jpg,0.698077
1284.jpg,0.636720
1285.jpg,0.685823
1286.jpg,0.659289
1287.jpg,0.660598
1288.jpg,0.066637
1289.jpg,0.678466
1290.jpg,0.616078
1291.jpg,0.084596
1292.jpg,0.071104
1293.jpg,0.465248
1294.jpg,0.987297
1295.jpg,0.981572
1296.jpg,0.146056
1297.jpg,0.736521
1298.jpg,0.526288
1299.jpg,0.039390
1300.jpg,0.679178
1301.jpg,0.705240
1302.jpg,0.638215
1303.jpg,0.607558
1304.jpg,0.035695
1305.jpg,0.353853
1306.jpg,0.986224
1307.jpg,0.565703
1308.jpg,0.041413
1309.jpg,0.510774
1310.jpg,0.263159
1311.jpg,0.484556
1312.jpg,0.987681
1313.jpg,0.849850
1314.jpg,0.987630
1315.jpg,0.987865
1316.jpg,0.435765
1317.jpg,0.508497
1318.jpg,0.138926
1319.jpg,0.656517
1320.jpg,0.463991
1321.jpg,0.964603
1322.jpg,0.806475
1323.jpg,0.356136
1324.jpg,0.596447
1325.jpg,0.043647
1326.jpg,0.450553
1327.jpg,0.456926
1328.jpg,0.360548
1329.jpg,0.387203
1330.jpg,0.420233
1331.jpg,0.207539
1332.jpg,0.651132
1333.jpg,0.514402
1334.jpg,0.224726
1335.jpg,0.136427
1336.jpg,0.987457
1337.jpg,0.701531
1338.jpg,0.655384
1339.jpg,0.160372
1340.jpg,0.987508
1341.jpg,0.059482
1342.jpg,0.426012
1343.jpg,0.542333
1344.jpg,0.748077
1345.jpg,0.038264
1346.jpg,0.708165
1347.jpg,0.988354
1348.jpg,0.989072
1349.jpg,0.037042
1350.jpg,0.530593
1351.jpg,0.449745
1352.jpg,0.699694
1353.jpg,0.377012
1354.jpg,0.304986
1355.jpg,0.988754
1356.jpg,0.059346
1357.jpg,0.034592
1358.jpg,0.765140
1359.jpg,0.484272
1360.jpg,0.772865
1361.jpg,0.475064
1362.jpg,0.302821
1363.jpg,0.599112
1364.jpg,0.037218
1365.jpg,0.539629
1366.jpg,0.482454
1367.jpg,0.038234
1368.jpg,0.987226
1369.jpg,0.987363
1370.jpg,0.476905
1371.jpg,0.410297
1372.jpg,0.683973
1373.jpg,0.681617
1374.jpg,0.040420
1375.jpg,0.042494
1376.jpg,0.465995
1377.jpg,0.544327
1378.jpg,0.706774
1379.jpg,0.575333
1380.jpg,0.987513
1381.jpg,0.556470
1382.jpg,0.754124
1383.jpg,0.041498
1384.jpg,0.272078
1385.jpg,0.036362
1386.jpg,0.038883
1387.jpg,0.438454
1388.jpg,0.035622
1389.jpg,0.043562
1390.jpg,0.724828
1391.jpg,0.035865
1392.jpg,0.060790
1393.jpg,0.987945
1394.jpg,0.056891
1395.jpg,0.329472
1396.jpg,0.431753
1397.jpg,0.988024
1398.jpg,0.435330
1399.jpg,0.783137
1400.jpg,0.767066
1401.jpg,0.987458
1402.jpg,0.640215
1403.jpg,0.032465
1404.jpg,0.650230
1405.jpg,0.200572
1406.jpg,0.310961
1407.jpg,0.988355
1408.jpg,0.044972
1409.jpg,0.049220
1410.jpg,0.725089
1411.jpg,0.040226
1412.jpg,0.565229
1413.jpg,0.035357
1414.jpg,0.540322
1415.jpg,0.696009
1416.jpg,0.987659
1417.jpg,0.572832
1418.jpg,0.342867
1419.jpg,0.664289
1420.jpg,0.643894
1421.jpg,0.986216
1422.jpg,0.048322
1423.jpg,0.506351
1424.jpg,0.117417
1425.jpg,0.672799
1426.jpg,0.987821
1427.jpg,0.847953
1428.jpg,0.988016
1429.jpg,0.656499
1430.jpg,0.038424
1431.jpg,0.985020
1432.jpg,0.418873
1433.jpg,0.658191
1434.jpg,0.472140
1435.jpg,0.694998
1436.jpg,0.036866
1437.jpg,0.547774
1438.jpg,0.987145
1439.jpg,0.723097
1440.jpg,0.375964
1441.jpg,0.825013
1442.jpg,0.038425
1443.jpg,0.890824
1444.jpg,0.254253
1445.jpg,0.468178
1446.jpg,0.987109
1447.jpg,0.427972
1448.jpg,0.956794
1449.jpg,0.221814
1450.jpg,0.632144
1451.jpg,0.649250
1452.jpg,0.357693
1453.jpg,0.671001
1454.jpg,0.184785
1455.jpg,0.665015
1456.jpg,0.645150
1457.jpg,0.131052
1458.jpg,0.694272
1459.jpg,0.521086
1460.jpg,0.683259
1461.jpg,0.985291
1462.jpg,0.662435
1463.jpg,0.471147
1464.jpg,0.664421
1465.jpg,0.034497
1466.jpg,0.302237
1467.jpg,0.347760
1468.jpg,0.344691
1469.jpg,0.058313
1470.jpg,0.656465
1471.jpg,0.987529
1472.jpg,0.234506
1473.jpg,0.543883
1474.jpg,0.413357
1475.jpg,0.411314
1476.jpg,0.694587
1477.jpg,0.042578
1478.jpg,0.033798
1479.jpg,0.599428
1480.jpg,0.989490
1481.jpg,0.663130
1482.jpg,0.035864
1483.jpg,0.149276
1484.jpg,0.866657
1485.jpg,0.038288
1486.jpg,0.958990
1487.jpg,0.132915
1488.jpg,0.074330
1489.jpg,0.627494
1490.jpg,0.604649
1491.jpg,0.496354
1492.jpg,0.987996
1493.jpg,0.989268
1494.jpg,0.122488
1495.jpg,0.586938
1496.jpg,0.174333
1497.jpg,0.744457
1498.jpg,0.580224
1499.jpg,0.987625
1500.jpg,0.051663
1501.jpg,0.035748
1502.jpg,0.420619
1503.jpg,0.936964
1504.jpg,0.745917
1505.jpg,0.858874
1506.jpg,0.036690
1507.jpg,0.708034
1508.jpg,0.045522
1509.jpg,0.666641
1510.jpg,0.982952
1511.jpg,0.493044
1512.jpg,0.987049
1513.jpg,0.980984
1514.jpg,0.671554
1515.jpg,0.690525
1516.jpg,0.695554
1517.jpg,0.131949
1518.jpg,0.683872
1519.jpg,0.652890
1520.jpg,0.683038
1521.jpg,0.463723
1522.jpg,0.323197
1523.jpg,0.683344
1524.jpg,0.052266
1525.jpg,0.481631
1526.jpg,0.714352
1527.jpg,0.656822
1528.jpg,0.650341
1529.jpg,0.071564
1530.jpg,0.470671
1531.jpg,0.541771
1532.jpg,0.984476
1533.jpg,0.546896
1534.jpg,0.985788
1535.jpg,0.519310
1536.jpg,0.047265
1537.jpg,0.213875
1538.jpg,0.688153
1539.jpg,0.742155
1540.jpg,0.316106
1541.jpg,0.960826
1542.jpg,0.986247
1543.jpg,0.671968
1544.jpg,0.673900
1545.jpg,0.658657
1546.jpg,0.987185
1547.jpg,0.276335
1548.jpg,0.986625
1549.jpg,0.676276
1550.jpg,0.556436
1551.jpg,0.722283
1552.jpg,0.762915
1553.jpg,0.760781
1554.jpg,0.342349
1555.jpg,0.058093
1556.jpg,0.974356
1557.jpg,0.665876
1558.jpg,0.040543
1559.jpg,0.988537
1560.jpg,0.048560
1561.jpg,0.657591
1562.jpg,0.497884
1563.jpg,0.134831
1564.jpg,0.601046
1565.jpg,0.503330
1566.jpg,0.987555
1567.jpg,0.653334
1568.jpg,0.389118
1569.jpg,0.517505
1570.jpg,0.672976
1571.jpg,0.037923
1572.jpg,0.371868
1573.jpg,0.986836
1574.jpg,0.665211
1575.jpg,0.080148
1576.jpg,0.102805
1577.jpg,0.281376
1578.jpg,0.654618
1579.jpg,0.986187
1580.jpg,0.649350
1581.jpg,0.988236
1582.jpg,0.669771
1583.jpg,0.715445
1584.jpg,0.986255
1585.jpg,0.794227
1586.jpg,0.042267
1587.jpg,0.828287
1588.jpg,0.087260
1589.jpg,0.987918
1590.jpg,0.632110
1591.jpg,0.986421
1592.jpg,0.664156
1593.jpg,0.044132
1594.jpg,0.926805
1595.jpg,0.673442
1596.jpg,0.516772
1597.jpg,0.692331
1598.jpg,0.984394
1599.jpg,0.699863
1600.jpg,0.601323
1601.jpg,0.147046
1602.jpg,0.477041
1603.jpg,0.621196
1604.jpg,0.667025
1605.jpg,0.802357
1606.jpg,0.043010
1607.jpg,0.987461
1608.jpg,0.379178
1609.jpg,0.747822
1610.jpg,0.986852
1611.jpg,0.618929
1612.jpg,0.681885
1613.jpg,0.668180
1614.jpg,0.101711
1615.jpg,0.987362
1616.jpg,0.389319
1617.jpg,0.710381
1618.jpg,0.425878
1619.jpg,0.474953
1620.jpg,0.671275
1621.jpg,0.580775
1622.jpg,0.502837
1623.jpg,0.827913
1624.jpg,0.716405
1625.jpg,0.718269
1626.jpg,0.234966
1627.jpg,0.983998
1628.jpg,0.693639
1629.jpg,0.763760
1630.jpg,0.606770
1631.jpg,0.987118
1632.jpg,0.988893
1633.jpg,0.748621
1634.jpg,0.830589
1635.jpg,0.600828
1636.jpg,0.578598
1637.jpg,0.041997
1638.jpg,0.488742
1639.jpg,0.077500
1640.jpg,0.628736
1641.jpg,0.174845
1642.jpg,0.659767
1643.jpg,0.232558
1644.jpg,0.741195
1645.jpg,0.690200
1646.jpg,0.406639
1647.jpg,0.591601
1648.jpg,0.573230
1649.jpg,0.684851
1650.jpg,0.131255
1651.jpg,0.820058
1652.jpg,0.130823
1653.jpg,0.346815
1654.jpg,0.556001
1655.jpg,0.052334
1656.jpg,0.470866
1657.jpg,0.033651
1658.jpg,0.892542
1659.jpg,0.985870
1660.jpg,0.590538
1661.jpg,0.987598
1662.jpg,0.041219
1663.jpg,0.045061
1664.jpg,0.677416
1665.jpg,0.990258
1666.jpg,0.039350
1667.jpg,0.345859
1668.jpg,0.703645
1669.jpg,0.164885
1670.jpg,0.043983
1671.jpg,0.080594
1672.jpg,0.673542
1673.jpg,0.049615
1674.jpg,0.064367
1675.jpg,0.740625
1676.jpg,0.397528
1677.jpg,0.040254
1678.jpg,0.486284
1679.jpg,0.121407
1680.jpg,0.201283
1681.jpg,0.300078
1682.jpg,0.067303
1683.jpg,0.986270
1684.jpg,0.722389
1685.jpg,0.036637
1686.jpg,0.681280
1687.jpg,0.691884
1688.jpg,0.522730
1689.jpg,0.766944
1690.jpg,0.102596
1691.jpg,0.064010
1692.jpg,0.422258
1693.jpg,0.987135
1694.jpg,0.275195
1695.jpg,0.712968
1696.jpg,0.507352
1697.jpg,0.673841
1698.jpg,0.987040
1699.jpg,0.606579
1700.jpg,0.566494
1701.jpg,0.096900
1702.jpg,0.096831
1703.jpg,0.668328
1704.jpg,0.472641
1705.jpg,0.660171
1706.jpg,0.555404
1707.jpg,0.159592
1708.jpg,0.044741
1709.jpg,0.480769
1710.jpg,0.751651
1711.jpg,0.589769
1712.jpg,0.597608
1713.jpg,0.306748
1714.jpg,0.618970
1715.jpg,0.679468
1716.jpg,0.751702
1717.jpg,0.988395
1718.jpg,0.053754
1719.jpg,0.555806
1720.jpg,0.034516
1721.jpg,0.590026
1722.jpg,0.767970
1723.jpg,0.150014
1724.jpg,0.674846
1725.jpg,0.040445
1726.jpg,0.036773
1727.jpg,0.946417
1728.jpg,0.581514
1729.jpg,0.676537
1730.jpg,0.645376
1731.jpg,0.662669
1732.jpg,0.102301
1733.jpg,0.138424
1734.jpg,0.040129
1735.jpg,0.987910
1736.jpg,0.988631
1737.jpg,0.673849
1738.jpg,0.826769
1739.jpg,0.187014
1740.jpg,0.641719
1741.jpg,0.560676
1742.jpg,0.676108
1743.jpg,0.603893
1744.jpg,0.765570
1745.jpg,0.693678
1746.jpg,0.680548
1747.jpg,0.747571
1748.jpg,0.400747
1749.jpg,0.583277
1750.jpg,0.591626
1751.jpg,0.480292
1752.jpg,0.497903
1753.jpg,0.459971
1754.jpg,0.670407
1755.jpg,0.695556
1756.jpg,0.723254
1757.jpg,0.446362
1758.jpg,0.677942
1759.jpg,0.686507
1760.jpg,0.539839
1761.jpg,0.078694
1762.jpg,0.860147
1763.jpg,0.590890
1764.jpg,0.085555
1765.jpg,0.536625
1766.jpg,0.986045
1767.jpg,0.519967
1768.jpg,0.984286
1769.jpg,0.588005
1770.jpg,0.567136
1771.jpg,0.664471
1772.jpg,0.746934
1773.jpg,0.236429
1774.jpg,0.039272
1775.jpg,0.681731
1776.jpg,0.663582
1777.jpg,0.093964
1778.jpg,0.565067
1779.jpg,0.129644
1780.jpg,0.448615
1781.jpg,0.760675
1782.jpg,0.988105
1783.jpg,0.662439
1784.jpg,0.559578
1785.jpg,0.479655
1786.jpg,0.062753
1787.jpg,0.508676
1788.jpg,0.164246
1789.jpg,0.677150
1790.jpg,0.426501
1791.jpg,0.535564
1792.jpg,0.679108
1793.jpg,0.628062
1794.jpg,0.495895
1795.jpg,0.074148
1796.jpg,0.448279
1797.jpg,0.044150
1798.jpg,0.417343
1799.jpg,0.638825
1800.jpg,0.586620
1801.jpg,0.192830
1802.jpg,0.633242
1803.jpg,0.737809
1804.jpg,0.103940
1805.jpg,0.041560
1806.jpg,0.728028
1807.jpg,0.076692
1808.jpg,0.672344
1809.jpg,0.537145
1810.jpg,0.043359
1811.jpg,0.675119
1812.jpg,0.137467
1813.jpg,0.459022
1814.jpg,0.786857
1815.jpg,0.224312
1816.jpg,0.680326
1817.jpg,0.699565
1818.jpg,0.657357
1819.jpg,0.990327
1820.jpg,0.981047
1821.jpg,0.310321
1822.jpg,0.511635
1823.jpg,0.988025
1824.jpg,0.506187
1825.jpg,0.987927
1826.jpg,0.472039
1827.jpg,0.981889
1828.jpg,0.662481
1829.jpg,0.984991
1830.jpg,0.491253
1831.jpg,0.989206
1832.jpg,0.665628
1833.jpg,0.502861
1834.jpg,0.055563
1835.jpg,0.427545
1836.jpg,0.842569
1837.jpg,0.501698
1838.jpg,0.674909
1839.jpg,0.361120
1840.jpg,0.040221
1841.jpg,0.986786
1842.jpg,0.645520
1843.jpg,0.692723
1844.jpg,0.673566
1845.jpg,0.671055
1846.jpg,0.593397
1847.jpg,0.786544
1848.jpg,0.988207
1849.jpg,0.039696
1850.jpg,0.052399
1851.jpg,0.032102
1852.jpg,0.751503
1853.jpg,0.703079
1854.jpg,0.433953
1855.jpg,0.578146
1856.jpg,0.636773
1857.jpg,0.084299
1858.jpg,0.779959
1859.jpg,0.659123
1860.jpg,0.528421
1861.jpg,0.500010
1862.jpg,0.986543
1863.jpg,0.571048
1864.jpg,0.850485
1865.jpg,0.432622
1866.jpg,0.905065
1867.jpg,0.987459
1868.jpg,0.611319
1869.jpg,0.684736
1870.jpg,0.549575
1871.jpg,0.644109
1872.jpg,0.679799
1873.jpg,0.682951
1874.jpg,0.035137
1875.jpg,0.837669
1876.jpg,0.735583
1877.jpg,0.839326
1878.jpg,0.987477
1879.jpg,0.615439
1880.jpg,0.986329
1881.jpg,0.986380
1882.jpg,0.677519
1883.jpg,0.454806
1884.jpg,0.591157
1885.jpg,0.058487
1886.jpg,0.884102
1887.jpg,0.320122
1888.jpg,0.651496
1889.jpg,0.222934
1890.jpg,0.042550
1891.jpg,0.746094
1892.jpg,0.105148
1893.jpg,0.536669
1894.jpg,0.526573
1895.jpg,0.575751
1896.jpg,0.987356
1897.jpg,0.684321
1898.jpg,0.239419
1899.jpg,0.515868
1900.jpg,0.197352
1901.jpg,0.735727
1902.jpg,0.043013
1903.jpg,0.537570
1904.jpg,0.853638
1905.jpg,0.349207
1906.jpg,0.576048
1907.jpg,0.818491
1908.jpg,0.639808
1909.jpg,0.182480
1910.jpg,0.039780
1911.jpg,0.727241
1912.jpg,0.067129
1913.jpg,0.040829
1914.jpg,0.042744
1915.jpg,0.108361
1916.jpg,0.651660
1917.jpg,0.549852
1918.jpg,0.755677
1919.jpg,0.663986
1920.jpg,0.323122
1921.jpg,0.055747
1922.jpg,0.733153
1923.jpg,0.986889
1924.jpg,0.044449
1925.jpg,0.563977
1926.jpg,0.655861
1927.jpg,0.762204
1928.jpg,0.236807
1929.jpg,0.034394
1930.jpg,0.625036
1931.jpg,0.115097
1932.jpg,0.404982
1933.jpg,0.564600
1934.jpg,0.082642
1935.jpg,0.915456
1936.jpg,0.678075
1937.jpg,0.301598
1938.jpg,0.982043
1939.jpg,0.278687
1940.jpg,0.672798
1941.jpg,0.977344
1942.jpg,0.685134
1943.jpg,0.984622
1944.jpg,0.691810
1945.jpg,0.730612
1946.jpg,0.590676
1947.jpg,0.706129
1948.jpg,0.592227
1949.jpg,0.705119
1950.jpg,0.987193
1951.jpg,0.433744
1952.jpg,0.678291
1953.jpg,0.851170
1954.jpg,0.639062
1955.jpg,0.067775
1956.jpg,0.934380
1957.jpg,0.987370
1958.jpg,0.784929
1959.jpg,0.044489
1960.jpg,0.052595
1961.jpg,0.988154
1962.jpg,0.654115
1963.jpg,0.372786
1964.jpg,0.241476
1965.jpg,0.739742
1966.jpg,0.945970
1967.jpg,0.866470
1968.jpg,0.613324
1969.jpg,0.591985
1970.jpg,0.040662
1971.jpg,0.668665
1972.jpg,0.064748
1973.jpg,0.987991
1974.jpg,0.689501
1975.jpg,0.405273
1976.jpg,0.055465
1977.jpg,0.706411
1978.jpg,0.038891
1979.jpg,0.529904
1980.jpg,0.717677
1981.jpg,0.758283
1982.jpg,0.690395
1983.jpg,0.652783
1984.jpg,0.673125
1985.jpg,0.571317
1986.jpg,0.760460
1987.jpg,0.412252
1988.jpg,0.425910
1989.jpg,0.687424
1990.jpg,0.633399
1991.jpg,0.041694
1992.jpg,0.038158
1993.jpg,0.052271
1994.jpg,0.332404
1995.jpg,0.887359
1996.jpg,0.986207
1997.jpg,0.752716
1998.jpg,0.640300
1999.jpg,0.304434
2000.jpg,0.098159
2001.jpg,0.698929
2002.jpg,0.266929
2003.jpg,0.693476
2004.jpg,0.548649
2005.jpg,0.054342
2006.jpg,0.578367
2007.jpg,0.988218
2008.jpg,0.533560
2009.jpg,0.663284
2010.jpg,0.648704
2011.jpg,0.036015
2012.jpg,0.048163
2013.jpg,0.045433
2014.jpg,0.580601
2015.jpg,0.987170
2016.jpg,0.541574
2017.jpg,0.980580
2018.jpg,0.678038
2019.jpg,0.126505
2020.jpg,0.043031
2021.jpg,0.785276
2022.jpg,0.136844
2023.jpg,0.420239
2024.jpg,0.664378
2025.jpg,0.294399
2026.jpg,0.044464
2027.jpg,0.368496
2028.jpg,0.648659
2029.jpg,0.635794
2030.jpg,0.405164
2031.jpg,0.673922
2032.jpg,0.108947
2033.jpg,0.118128
2034.jpg,0.987817
2035.jpg,0.648726
2036.jpg,0.653441
2037.jpg,0.667015
2038.jpg,0.675811
2039.jpg,0.072306
2040.jpg,0.042638
2041.jpg,0.839396
2042.jpg,0.265750
2043.jpg,0.986794
2044.jpg,0.732708
2045.jpg,0.039604
2046.jpg,0.553252
2047.jpg,0.591141
2048.jpg,0.597444
2049.jpg,0.292958
2050.jpg,0.376880
2051.jpg,0.589560
2052.jpg,0.867468
2053.jpg,0.665917
2054.jpg,0.682725
2055.jpg,0.713018
2056.jpg,0.737275
2057.jpg,0.045672
2058.jpg,0.116134
2059.jpg,0.586361
2060.jpg,0.815234
2061.jpg,0.619113
2062.jpg,0.098585
2063.jpg,0.461990
2064.jpg,0.040469
2065.jpg,0.037145
2066.jpg,0.681713
2067.jpg,0.079343
2068.jpg,0.546821
2069.jpg,0.366178
2070.jpg,0.455185
2071.jpg,0.988737
2072.jpg,0.501406
2073.jpg,0.045088
2074.jpg,0.594399
2075.jpg,0.041058
2076.jpg,0.418498
2077.jpg,0.060076
2078.jpg,0.519116
2079.jpg,0.592111
2080.jpg,0.407599
2081.jpg,0.653312
2082.jpg,0.106207
2083.jpg,0.063746
2084.jpg,0.121818
2085.jpg,0.215560
2086.jpg,0.427215
2087.jpg,0.524021
2088.jpg,0.492625
2089.jpg,0.745716
2090.jpg,0.552852
2091.jpg,0.037775
2092.jpg,0.987215
2093.jpg,0.234893
2094.jpg,0.098728
2095.jpg,0.041117
2096.jpg,0.708709
2097.jpg,0.389963
2098.jpg,0.294045
2099.jpg,0.789061
2100.jpg,0.326399
2101.jpg,0.884069
2102.jpg,0.667358
2103.jpg,0.691586
2104.jpg,0.333644
2105.jpg,0.740034
2106.jpg,0.644973
2107.jpg,0.685915
2108.jpg,0.985381
2109.jpg,0.062202
2110.jpg,0.585664
2111.jpg,0.034760
2112.jpg,0.464820
2113.jpg,0.664903
2114.jpg,0.037997
2115.jpg,0.666298
2116.jpg,0.987461
2117.jpg,0.775626
2118.jpg,0.705471
2119.jpg,0.505339
2120.jpg,0.604011
2121.jpg,0.679132
2122.jpg,0.720155
2123.jpg,0.655730
2124.jpg,0.647317
2125.jpg,0.193505
2126.jpg,0.530012
2127.jpg,0.394915
2128.jpg,0.295579
2129.jpg,0.370951
2130.jpg,0.986454
2131.jpg,0.223544
2132.jpg,0.673493
2133.jpg,0.081320
2134.jpg,0.403124
2135.jpg,0.754805
2136.jpg,0.054930
2137.jpg,0.051689
2138.jpg,0.735723
2139.jpg,0.577787
2140.jpg,0.944278
2141.jpg,0.046150
2142.jpg,0.481612
2143.jpg,0.446211
2144.jpg,0.522918
2145.jpg,0.738576
2146.jpg,0.987423
2147.jpg,0.524105
2148.jpg,0.909930
2149.jpg,0.097940
2150.jpg,0.678018
2151.jpg,0.988984
2152.jpg,0.039911
2153.jpg,0.421487
2154.jpg,0.682764
2155.jpg,0.473248
2156.jpg,0.036917
2157.jpg,0.426402
2158.jpg,0.542184
2159.jpg,0.040157
2160.jpg,0.048457
2161.jpg,0.978385
2162.jpg,0.305441
2163.jpg,0.682887
2164.jpg,0.040341
2165.jpg,0.549130
2166.jpg,0.664820
2167.jpg,0.550976
2168.jpg,0.768352
2169.jpg,0.680953
2170.jpg,0.039529
2171.jpg,0.060041
2172.jpg,0.570447
2173.jpg,0.508937
2174.jpg,0.579310
2175.jpg,0.985158
2176.jpg,0.496352
2177.jpg,0.363632
2178.jpg,0.980829
2179.jpg,0.484587
2180.jpg,0.456859
2181.jpg,0.718446
2182.jpg,0.527411
2183.jpg,0.547967
2184.jpg,0.194281
2185.jpg,0.065129
2186.jpg,0.109984
2187.jpg,0.987855
2188.jpg,0.497822
2189.jpg,0.431656
2190.jpg,0.187907
2191.jpg,0.509176
2192.jpg,0.310846
2193.jpg,0.670870
2194.jpg,0.036086
2195.jpg,0.425949
2196.jpg,0.446081
2197.jpg,0.240089
2198.jpg,0.982113
2199.jpg,0.717528
2200.jpg,0.210161
2201.jpg,0.660412
2202.jpg,0.683538
2203.jpg,0.619168
2204.jpg,0.987098
2205.jpg,0.035713
2206.jpg,0.711281
2207.jpg,0.099377
2208.jpg,0.669807
2209.jpg,0.477502
2210.jpg,0.741395
2211.jpg,0.841880
2212.jpg,0.989208
2213.jpg,0.040986
2214.jpg,0.685046
2215.jpg,0.036949
2216.jpg,0.042118
2217.jpg,0.440319
2218.jpg,0.420838
2219.jpg,0.747247
2220.jpg,0.534601
2221.jpg,0.987348
2222.jpg,0.037336
2223.jpg,0.073580
2224.jpg,0.934510
2225.jpg,0.675542
2226.jpg,0.039558
2227.jpg,0.987641
2228.jpg,0.458150
2229.jpg,0.542037
2230.jpg,0.422649
2231.jpg,0.123983
2232.jpg,0.757899
2233.jpg,0.439896
2234.jpg,0.974671
2235.jpg,0.226495
2236.jpg,0.738529
2237.jpg,0.659253
2238.jpg,0.432899
2239.jpg,0.695093
2240.jpg,0.724141
2241.jpg,0.637942
2242.jpg,0.988192
2243.jpg,0.894140
2244.jpg,0.666319
2245.jpg,0.987339
2246.jpg,0.639041
2247.jpg,0.567685
2248.jpg,0.593423
2249.jpg,0.984255
2250.jpg,0.646589
2251.jpg,0.986735
2252.jpg,0.989657
2253.jpg,0.693374
2254.jpg,0.034631
2255.jpg,0.247181
2256.jpg,0.987040
2257.jpg,0.163082
2258.jpg,0.989072
2259.jpg,0.782197
2260.jpg,0.121272
2261.jpg,0.482910
2262.jpg,0.987593
2263.jpg,0.498409
2264.jpg,0.315405
2265.jpg,0.491918
2266.jpg,0.730581
2267.jpg,0.383644
2268.jpg,0.634795
2269.jpg,0.244878
2270.jpg,0.432895
2271.jpg,0.921419
2272.jpg,0.140878
2273.jpg,0.077553
2274.jpg,0.640023
2275.jpg,0.566795
2276.jpg,0.671267
2277.jpg,0.675678
2278.jpg,0.226431
2279.jpg,0.454954
2280.jpg,0.210129
2281.jpg,0.650729
2282.jpg,0.033584
2283.jpg,0.520888
2284.jpg,0.561131
2285.jpg,0.140368
2286.jpg,0.989658
2287.jpg,0.445435
2288.jpg,0.579010
2289.jpg,0.903811
2290.jpg,0.987396
2291.jpg,0.764307
2292.jpg,0.146616
2293.jpg,0.711060
2294.jpg,0.987505
2295.jpg,0.663470
2296.jpg,0.555385
2297.jpg,0.462731
2298.jpg,0.657644
2299.jpg,0.742237
2300.jpg,0.615094
2301.jpg,0.463927
2302.jpg,0.898695
2303.jpg,0.812014
2304.jpg,0.578758
2305.jpg,0.083805
2306.jpg,0.299170
2307.jpg,0.987195
2308.jpg,0.448879
2309.jpg,0.622737
2310.jpg,0.130521
2311.jpg,0.988257
2312.jpg,0.186578
2313.jpg,0.031642
2314.jpg,0.101733
2315.jpg,0.438682
2316.jpg,0.632828
2317.jpg,0.987602
2318.jpg,0.668175
2319.jpg,0.050249
2320.jpg,0.040900
2321.jpg,0.033312
2322.jpg,0.683792
2323.jpg,0.157859
2324.jpg,0.738949
2325.jpg,0.037915
2326.jpg,0.638999
2327.jpg,0.232369
2328.jpg,0.340000
2329.jpg,0.670055
2330.jpg,0.185324
2331.jpg,0.182430
2332.jpg,0.500148
2333.jpg,0.986349
2334.jpg,0.971804
2335.jpg,0.374305
2336.jpg,0.740206
2337.jpg,0.049439
2338.jpg,0.988050
2339.jpg,0.367180
2340.jpg,0.974281
2341.jpg,0.565974
2342.jpg,0.961025
2343.jpg,0.036223
2344.jpg,0.675794
2345.jpg,0.604734
2346.jpg,0.583627
2347.jpg,0.361890
2348.jpg,0.066869
2349.jpg,0.727446
2350.jpg,0.664554
2351.jpg,0.427114
2352.jpg,0.057255
2353.jpg,0.499532
2354.jpg,0.044824
2355.jpg,0.767093
2356.jpg,0.690717
2357.jpg,0.454425
2358.jpg,0.769146
2359.jpg,0.985477
2360.jpg,0.709299
2361.jpg,0.987510
2362.jpg,0.044492
2363.jpg,0.396625
2364.jpg,0.042486
2365.jpg,0.987621
2366.jpg,0.433919
2367.jpg,0.526300
2368.jpg,0.713239
2369.jpg,0.491771
2370.jpg,0.317834
2371.jpg,0.180449
2372.jpg,0.518297
2373.jpg,0.701468
2374.jpg,0.597328
2375.jpg,0.700421
2376.jpg,0.642227
2377.jpg,0.657580
2378.jpg,0.043705
2379.jpg,0.867552
2380.jpg,0.472418
2381.jpg,0.567089
2382.jpg,0.559479
2383.jpg,0.985684
2384.jpg,0.113765
2385.jpg,0.677422
2386.jpg,0.663463
2387.jpg,0.035447
2388.jpg,0.926448
2389.jpg,0.597008
2390.jpg,0.968633
2391.jpg,0.667693
2392.jpg,0.097326
2393.jpg,0.097731
2394.jpg,0.988174
2395.jpg,0.988374
2396.jpg,0.237802
2397.jpg,0.786421
2398.jpg,0.593500
2399.jpg,0.987674
2400.jpg,0.529848
2401.jpg,0.579400
2402.jpg,0.641689
2403.jpg,0.035528
2404.jpg,0.987219
2405.jpg,0.553678
2406.jpg,0.616233
2407.jpg,0.139882
2408.jpg,0.603194
2409.jpg,0.435379
2410.jpg,0.227001
2411.jpg,0.059851
2412.jpg,0.587108
2413.jpg,0.539979
2414.jpg,0.055198
2415.jpg,0.969484
2416.jpg,0.559149
2417.jpg,0.054555
2418.jpg,0.989849
2419.jpg,0.907517
2420.jpg,0.656061
2421.jpg,0.529641
2422.jpg,0.265050
2423.jpg,0.763624
2424.jpg,0.654339
2425.jpg,0.520202
2426.jpg,0.551633
2427.jpg,0.987281
2428.jpg,0.269840
2429.jpg,0.055607
2430.jpg,0.449098
2431.jpg,0.679153
2432.jpg,0.037905
2433.jpg,0.988375
2434.jpg,0.400710
2435.jpg,0.610490
2436.jpg,0.320796
2437.jpg,0.988646
2438.jpg,0.214932
2439.jpg,0.670776
2440.jpg,0.073370
2441.jpg,0.664431
2442.jpg,0.436714
2443.jpg,0.179883
2444.jpg,0.677085
2445.jpg,0.984724
2446.jpg,0.986895
2447.jpg,0.981063
2448.jpg,0.722976
2449.jpg,0.636643
2450.jpg,0.840849
2451.jpg,0.663385
2452.jpg,0.550619
2453.jpg,0.739690
2454.jpg,0.667655
2455.jpg,0.667330
2456.jpg,0.669398
2457.jpg,0.524520
2458.jpg,0.097857
2459.jpg,0.529995
2460.jpg,0.033113
2461.jpg,0.320598
2462.jpg,0.439347
2463.jpg,0.459220
2464.jpg,0.988001
2465.jpg,0.050094
2466.jpg,0.554977
2467.jpg,0.443131
2468.jpg,0.055387
2469.jpg,0.784894
2470.jpg,0.987436
2471.jpg,0.738905
2472.jpg,0.044223
2473.jpg,0.493717
2474.jpg,0.562390
2475.jpg,0.052412
2476.jpg,0.559801
2477.jpg,0.674931
2478.jpg,0.727310
2479.jpg,0.669928
2480.jpg,0.733691
2481.jpg,0.471776
2482.jpg,0.638056
2483.jpg,0.711095
2484.jpg,0.678276
2485.jpg,0.667676
2486.jpg,0.965365
2487.jpg,0.078736
2488.jpg,0.569402
2489.jpg,0.043967
2490.jpg,0.044069
2491.jpg,0.349496
2492.jpg,0.050068
2493.jpg,0.420826
2494.jpg,0.733388
2495.jpg,0.632335
2496.jpg,0.045210
2497.jpg,0.562955
2498.jpg,0.711303
2499.jpg,0.655065
2500.jpg,0.700093
2501.jpg,0.669819
2502.jpg,0.984583
2503.jpg,0.041252
2504.jpg,0.034138
2505.jpg,0.697193
2506.jpg,0.751034
2507.jpg,0.987359
2508.jpg,0.602817
2509.jpg,0.485693
2510.jpg,0.476010
2511.jpg,0.253132
2512.jpg,0.505976
2513.jpg,0.066502
2514.jpg,0.601137
2515.jpg,0.346137
2516.jpg,0.359918
2517.jpg,0.368639
2518.jpg,0.863843
2519.jpg,0.987397
2520.jpg,0.035281
2521.jpg,0.655972
2522.jpg,0.036911
2523.jpg,0.720861
2524.jpg,0.310737
2525.jpg,0.650787
2526.jpg,0.546286
2527.jpg,0.379471
2528.jpg,0.592676
2529.jpg,0.903140
2530.jpg,0.100431
2531.jpg,0.035295
2532.jpg,0.104230
2533.jpg,0.414061
2534.jpg,0.789234
2535.jpg,0.682491
2536.jpg,0.521126
2537.jpg,0.985139
2538.jpg,0.489727
2539.jpg,0.691134
2540.jpg,0.033937
2541.jpg,0.489632
2542.jpg,0.046954
2543.jpg,0.497340
2544.jpg,0.460069
2545.jpg,0.277567
2546.jpg,0.354925
2547.jpg,0.045071
2548.jpg,0.674951
2549.jpg,0.458545
2550.jpg,0.534068
2551.jpg,0.080225
2552.jpg,0.593521
2553.jpg,0.697119
2554.jpg,0.990750
2555.jpg,0.634104
2556.jpg,0.640478
2557.jpg,0.060369
2558.jpg,0.561916
2559.jpg,0.987431
2560.jpg,0.987730
2561.jpg,0.211826
2562.jpg,0.562876
2563.jpg,0.277830
2564.jpg,0.661943
2565.jpg,0.443992
2566.jpg,0.333218
2567.jpg,0.987785
2568.jpg,0.674633
2569.jpg,0.987867
2570.jpg,0.046897
2571.jpg,0.839312
2572.jpg,0.692750
2573.jpg,0.761399
2574.jpg,0.679080
2575.jpg,0.985438
2576.jpg,0.739280
2577.jpg,0.746300
2578.jpg,0.774413
2579.jpg,0.490826
2580.jpg,0.212366
2581.jpg,0.981757
2582.jpg,0.140746
2583.jpg,0.503612
2584.jpg,0.676049
2585.jpg,0.718135
2586.jpg,0.455510
2587.jpg,0.049449
2588.jpg,0.986672
2589.jpg,0.453215
2590.jpg,0.068668
2591.jpg,0.703006
2592.jpg,0.070430
2593.jpg,0.197533
2594.jpg,0.634302
2595.jpg,0.617612
2596.jpg,0.667147
2597.jpg,0.362223
2598.jpg,0.038708
2599.jpg,0.498029
2600.jpg,0.439186
2601.jpg,0.321160
2602.jpg,0.507754
2603.jpg,0.461296
2604.jpg,0.512062
2605.jpg,0.415451
2606.jpg,0.580919
2607.jpg,0.679805
2608.jpg,0.854002
2609.jpg,0.030786
2610.jpg,0.695356
2611.jpg,0.703517
2612.jpg,0.153582
2613.jpg,0.988217
2614.jpg,0.986394
2615.jpg,0.676712
2616.jpg,0.641320
2617.jpg,0.609736
2618.jpg,0.678620
2619.jpg,0.041741
2620.jpg,0.168516
2621.jpg,0.955070
2622.jpg,0.526207
2623.jpg,0.036959
2624.jpg,0.988214
2625.jpg,0.986929
2626.jpg,0.079621
2627.jpg,0.162331
2628.jpg,0.601121
2629.jpg,0.138105
2630.jpg,0.626357
2631.jpg,0.545898
2632.jpg,0.352082
2633.jpg,0.044177
2634.jpg,0.477498
2635.jpg,0.040137
2636.jpg,0.183379
2637.jpg,0.833165
2638.jpg,0.698392
2639.jpg,0.641971
2640.jpg,0.480436
2641.jpg,0.039337
2642.jpg,0.743331
2643.jpg,0.721669
2644.jpg,0.826891
2645.jpg,0.987928
2646.jpg,0.252811
2647.jpg,0.672928
2648.jpg,0.037314
2649.jpg,0.987146
2650.jpg,0.926374
2651.jpg,0.620366
2652.jpg,0.328932
2653.jpg,0.629058
2654.jpg,0.693778
2655.jpg,0.754278
2656.jpg,0.616357
2657.jpg,0.988833
2658.jpg,0.373265
2659.jpg,0.667130
2660.jpg,0.629802
2661.jpg,0.399167
2662.jpg,0.742994
2663.jpg,0.043410
2664.jpg,0.669478
2665.jpg,0.040890
2666.jpg,0.689440
2667.jpg,0.946333
2668.jpg,0.522487
2669.jpg,0.058430
2670.jpg,0.540458
2671.jpg,0.474520
2672.jpg,0.572561
2673.jpg,0.500030
2674.jpg,0.036858
2675.jpg,0.986569
2676.jpg,0.641835
2677.jpg,0.713366
2678.jpg,0.079915
2679.jpg,0.667696
2680.jpg,0.688738
2681.jpg,0.059504
2682.jpg,0.593848
2683.jpg,0.988011
2684.jpg,0.670540
2685.jpg,0.149928
2686.jpg,0.717668
2687.jpg,0.307014
2688.jpg,0.901442
2689.jpg,0.418016
2690.jpg,0.599245
2691.jpg,0.953504
2692.jpg,0.037706
2693.jpg,0.037373
2694.jpg,0.617345
2695.jpg,0.666895
2696.jpg,0.982903
2697.jpg,0.466715
2698.jpg,0.598287
2699.jpg,0.037162
2700.jpg,0.985753
2701.jpg,0.624406
2702.jpg,0.567543
2703.jpg,0.060940
2704.jpg,0.044280
2705.jpg,0.340183
2706.jpg,0.683905
2707.jpg,0.854939
2708.jpg,0.986974
2709.jpg,0.483144
2710.jpg,0.656410
2711.jpg,0.671283
2712.jpg,0.671304
2713.jpg,0.090688
2714.jpg,0.686106
2715.jpg,0.648681
2716.jpg,0.554716
2717.jpg,0.603013
2718.jpg,0.664019
2719.jpg,0.056809
2720.jpg,0.699048
2721.jpg,0.347082
2722.jpg,0.443517
2723.jpg,0.083824
2724.jpg,0.253410
2725.jpg,0.704716
2726.jpg,0.596799
2727.jpg,0.968486
2728.jpg,0.581239
2729.jpg,0.986377
2730.jpg,0.502551
2731.jpg,0.662621
2732.jpg,0.155593
2733.jpg,0.963720
2734.jpg,0.694239
2735.jpg,0.442305
2736.jpg,0.721100
2737.jpg,0.986479
2738.jpg,0.987151
2739.jpg,0.097962
2740.jpg,0.295831
2741.jpg,0.038699
2742.jpg,0.956178
2743.jpg,0.984257
2744.jpg,0.649236
2745.jpg,0.458730
2746.jpg,0.433803
2747.jpg,0.780777
2748.jpg,0.217606
2749.jpg,0.652521
2750.jpg,0.658647
2751.jpg,0.193011
2752.jpg,0.044098
2753.jpg,0.987917
2754.jpg,0.710313
2755.jpg,0.973792
2756.jpg,0.459491
2757.jpg,0.556605
2758.jpg,0.545488
2759.jpg,0.712207
2760.jpg,0.456859
2761.jpg,0.674137
2762.jpg,0.035042
2763.jpg,0.714326
2764.jpg,0.519222
2765.jpg,0.040494
2766.jpg,0.170218
2767.jpg,0.040522
2768.jpg,0.288597
2769.jpg,0.711888
2770.jpg,0.074747
2771.jpg,0.161020
2772.jpg,0.989614
2773.jpg,0.038053
2774.jpg,0.049323
2775.jpg,0.425835
2776.jpg,0.984147
2777.jpg,0.677712
2778.jpg,0.035238
2779.jpg,0.605484
2780.jpg,0.672452
2781.jpg,0.040893
2782.jpg,0.616757
2783.jpg,0.644589
2784.jpg,0.410367
2785.jpg,0.590681
2786.jpg,0.500694
2787.jpg,0.042011
2788.jpg,0.118000
2789.jpg,0.654527
2790.jpg,0.472583
2791.jpg,0.988111
2792.jpg,0.718834
2793.jpg,0.660465
2794.jpg,0.044658
2795.jpg,0.537247
2796.jpg,0.986965
2797.jpg,0.543297
2798.jpg,0.988408
2799.jpg,0.751802
2800.jpg,0.658185
2801.jpg,0.980605
2802.jpg,0.672847
2803.jpg,0.741566
2804.jpg,0.426447
2805.jpg,0.037199
2806.jpg,0.037203
2807.jpg,0.566731
2808.jpg,0.033107
2809.jpg,0.046482
2810.jpg,0.489512
2811.jpg,0.988032
2812.jpg,0.139755
2813.jpg,0.311409
2814.jpg,0.682177
2815.jpg,0.115723
2816.jpg,0.046872
2817.jpg,0.542154
2818.jpg,0.035961
2819.jpg,0.987134
2820.jpg,0.988511
2821.jpg,0.043856
2822.jpg,0.683255
2823.jpg,0.572827
2824.jpg,0.172380
2825.jpg,0.617195
2826.jpg,0.541928
2827.jpg,0.114253
2828.jpg,0.245268
2829.jpg,0.482791
2830.jpg,0.668854
2831.jpg,0.051134
2832.jpg,0.678482
2833.jpg,0.988259
2834.jpg,0.560726
2835.jpg,0.152066
2836.jpg,0.659990
2837.jpg,0.457314
2838.jpg,0.551312
2839.jpg,0.409548
2840.jpg,0.454556
2841.jpg,0.052315
2842.jpg,0.987969
2843.jpg,0.396897
2844.jpg,0.506051
2845.jpg,0.682030
2846.jpg,0.051303
2847.jpg,0.036036
2848.jpg,0.770090
2849.jpg,0.675439
2850.jpg,0.404747
2851.jpg,0.532730
2852.jpg,0.986506
2853.jpg,0.537452
2854.jpg,0.042225
2855.jpg,0.532860
2856.jpg,0.707526
2857.jpg,0.722145
2858.jpg,0.639551
2859.jpg,0.452455
2860.jpg,0.075130
2861.jpg,0.031966
2862.jpg,0.306073
2863.jpg,0.673873
2864.jpg,0.986493
2865.jpg,0.527618
2866.jpg,0.968485
2867.jpg,0.039025
2868.jpg,0.599992
2869.jpg,0.145773
2870.jpg,0.666908
2871.jpg,0.161309
2872.jpg,0.731648
2873.jpg,0.661869
2874.jpg,0.643004
2875.jpg,0.807626
2876.jpg,0.427145
2877.jpg,0.741572
2878.jpg,0.623729
2879.jpg,0.986894
2880.jpg,0.987069
2881.jpg,0.410624
2882.jpg,0.584407
2883.jpg,0.666997
2884.jpg,0.654765
2885.jpg,0.986993
2886.jpg,0.636327
2887.jpg,0.989283
2888.jpg,0.711015
2889.jpg,0.678196
2890.jpg,0.701296
2891.jpg,0.792498
2892.jpg,0.041652
2893.jpg,0.053192
2894.jpg,0.987725
2895.jpg,0.811363
2896.jpg,0.611711
2897.jpg,0.213056
2898.jpg,0.987860
2899.jpg,0.655394
2900.jpg,0.692004
2901.jpg,0.557109
2902.jpg,0.683056
2903.jpg,0.682314
2904.jpg,0.548980
2905.jpg,0.988183
2906.jpg,0.256671
2907.jpg,0.506136
2908.jpg,0.060926
2909.jpg,0.075043
2910.jpg,0.570754
2911.jpg,0.035403
2912.jpg,0.659111
2913.jpg,0.987523
2914.jpg,0.042757
2915.jpg,0.519643
2916.jpg,0.035550
2917.jpg,0.078653
2918.jpg,0.954209
2919.jpg,0.652714
2920.jpg,0.858231
2921.jpg,0.986278
2922.jpg,0.582005
2923.jpg,0.829685
2924.jpg,0.725628
2925.jpg,0.480417
2926.jpg,0.035561
2927.jpg,0.294488
2928.jpg,0.663922
2929.jpg,0.769236
2930.jpg,0.061205
2931.jpg,0.042978
2932.jpg,0.394856
2933.jpg,0.990180
2934.jpg,0.942560
2935.jpg,0.038247
2936.jpg,0.989490
2937.jpg,0.060994
2938.jpg,0.691721
2939.jpg,0.487406
2940.jpg,0.417854
2941.jpg,0.045108
2942.jpg,0.595432
2943.jpg,0.986864
2944.jpg,0.726428
2945.jpg,0.773505
2946.jpg,0.125913
2947.jpg,0.044072
2948.jpg,0.730748
2949.jpg,0.641635
2950.jpg,0.191222
2951.jpg,0.771369
2952.jpg,0.696015
2953.jpg,0.067159
2954.jpg,0.986850
2955.jpg,0.463134
2956.jpg,0.537119
2957.jpg,0.657565
2958.jpg,0.556197
2959.jpg,0.798830
2960.jpg,0.646456
2961.jpg,0.310970
2962.jpg,0.043135
2963.jpg,0.675348
2964.jpg,0.926622
2965.jpg,0.389146
2966.jpg,0.987229
2967.jpg,0.587193
2968.jpg,0.617546
2969.jpg,0.987167
2970.jpg,0.036282
2971.jpg,0.973128
2972.jpg,0.745895
2973.jpg,0.089102
2974.jpg,0.677131
2975.jpg,0.628151
2976.jpg,0.205501
2977.jpg,0.534168
2978.jpg,0.127192
2979.jpg,0.545683
2980.jpg,0.655376
2981.jpg,0.517098
2982.jpg,0.545695
2983.jpg,0.686053
2984.jpg,0.989668
2985.jpg,0.988431
2986.jpg,0.987983
2987.jpg,0.680095
2988.jpg,0.615532
2989.jpg,0.044253
2990.jpg,0.987059
2991.jpg,0.532496
2992.jpg,0.607210
2993.jpg,0.527972
2994.jpg,0.987942
2995.jpg,0.476869
2996.jpg,0.347067
2997.jpg,0.036401
2998.jpg,0.185564
2999.jpg,0.987031
3000.jpg,0.987531
3001.jpg,0.083299
3002.jpg,0.672593
3003.jpg,0.984126
3004.jpg,0.193264
3005.jpg,0.652011
3006.jpg,0.987346
3007.jpg,0.548431
3008.jpg,0.986247
3009.jpg,0.732594
3010.jpg,0.475111
3011.jpg,0.528903
3012.jpg,0.706255
3013.jpg,0.580359
3014.jpg,0.675800
3015.jpg,0.630335
3016.jpg,0.074820
3017.jpg,0.989455
3018.jpg,0.049265
3019.jpg,0.555324
3020.jpg,0.864982
3021.jpg,0.675379
3022.jpg,0.986550
3023.jpg,0.601857
3024.jpg,0.056544
3025.jpg,0.613547
3026.jpg,0.034315
3027.jpg,0.105317
3028.jpg,0.867734
3029.jpg,0.038041
3030.jpg,0.668437
3031.jpg,0.554569
3032.jpg,0.581842
3033.jpg,0.316067
3034.jpg,0.418614
3035.jpg,0.723300
3036.jpg,0.690165
3037.jpg,0.105956
3038.jpg,0.676569
3039.jpg,0.987473
3040.jpg,0.943953
3041.jpg,0.070282
3042.jpg,0.604227
3043.jpg,0.679413
3044.jpg,0.878702
3045.jpg,0.982147
3046.jpg,0.452453
3047.jpg,0.679246
3048.jpg,0.568005
3049.jpg,0.041467
3050.jpg,0.268782
3051.jpg,0.685529
3052.jpg,0.899739
3053.jpg,0.444754
3054.jpg,0.530275
3055.jpg,0.040806
3056.jpg,0.332087
3057.jpg,0.988120
3058.jpg,0.780773
3059.jpg,0.275276
3060.jpg,0.622391
3061.jpg,0.522109
3062.jpg,0.987666
3063.jpg,0.377037
3064.jpg,0.785773
3065.jpg,0.742890
3066.jpg,0.446908
3067.jpg,0.446473
3068.jpg,0.627737
3069.jpg,0.675161
3070.jpg,0.709589
3071.jpg,0.559822
3072.jpg,0.728857
3073.jpg,0.580619
3074.jpg,0.423243
3075.jpg,0.336574
3076.jpg,0.041084
3077.jpg,0.673541
3078.jpg,0.462950
3079.jpg,0.986969
3080.jpg,0.724280
3081.jpg,0.988668
3082.jpg,0.671338
3083.jpg,0.574218
3084.jpg,0.175990
3085.jpg,0.498430
3086.jpg,0.666175
3087.jpg,0.691090
3088.jpg,0.813329
3089.jpg,0.696887
3090.jpg,0.482777
3091.jpg,0.725864
3092.jpg,0.600793
3093.jpg,0.041795
3094.jpg,0.108441
3095.jpg,0.271353
3096.jpg,0.035194
3097.jpg,0.697519
3098.jpg,0.100395
3099.jpg,0.769662
3100.jpg,0.850128
3101.jpg,0.668241
3102.jpg,0.389383
3103.jpg,0.989147
3104.jpg,0.441260
3105.jpg,0.982938
3106.jpg,0.765665
3107.jpg,0.536572
3108.jpg,0.777981
3109.jpg,0.242127
3110.jpg,0.666060
3111.jpg,0.440398
3112.jpg,0.049984
3113.jpg,0.678344
3114.jpg,0.757196
3115.jpg,0.668229
3116.jpg,0.640816
3117.jpg,0.921075
3118.jpg,0.606363
3119.jpg,0.985255
3120.jpg,0.040061
3121.jpg,0.525612
3122.jpg,0.987823
3123.jpg,0.514665
3124.jpg,0.283955
3125.jpg,0.578867
3126.jpg,0.564731
3127.jpg,0.851766
3128.jpg,0.987151
3129.jpg,0.550346
3130.jpg,0.042710
3131.jpg,0.045458
3132.jpg,0.168717
3133.jpg,0.987810
3134.jpg,0.668672
3135.jpg,0.042996
3136.jpg,0.650172
3137.jpg,0.329204
3138.jpg,0.678003
3139.jpg,0.476501
3140.jpg,0.736166
3141.jpg,0.720280
3142.jpg,0.667588
3143.jpg,0.581400
3144.jpg,0.480824
3145.jpg,0.034600
3146.jpg,0.978733
3147.jpg,0.609204
3148.jpg,0.695763
3149.jpg,0.988169
3150.jpg,0.887694
3151.jpg,0.035100
3152.jpg,0.339365
3153.jpg,0.506692
3154.jpg,0.615354
3155.jpg,0.673034
3156.jpg,0.657058
3157.jpg,0.356699
3158.jpg,0.461385
3159.jpg,0.363097
3160.jpg,0.653390
3161.jpg,0.988294
3162.jpg,0.039702
3163.jpg,0.701190
3164.jpg,0.425400
3165.jpg,0.560600
3166.jpg,0.732310
3167.jpg,0.671761
3168.jpg,0.499977
3169.jpg,0.059920
3170.jpg,0.534378
3171.jpg,0.034443
3172.jpg,0.711621
3173.jpg,0.986519
3174.jpg,0.265803
3175.jpg,0.052878
3176.jpg,0.668061
3177.jpg,0.079457
3178.jpg,0.987844
3179.jpg,0.602651
3180.jpg,0.740177
3181.jpg,0.463056
3182.jpg,0.038699
3183.jpg,0.740301
3184.jpg,0.614357
3185.jpg,0.657209
3186.jpg,0.673295
3187.jpg,0.682187
3188.jpg,0.041215
3189.jpg,0.767686
3190.jpg,0.072641
3191.jpg,0.080940
3192.jpg,0.045727
3193.jpg,0.185912
3194.jpg,0.654693
3195.jpg,0.659742
3196.jpg,0.987444
3197.jpg,0.988548
3198.jpg,0.534826
3199.jpg,0.618458
3200.jpg,0.988607
3201.jpg,0.677404
3202.jpg,0.642208
3203.jpg,0.645777
3204.jpg,0.749905
3205.jpg,0.043328
3206.jpg,0.677964
3207.jpg,0.726639
3208.jpg,0.588190
3209.jpg,0.719220
3210.jpg,0.850843
3211.jpg,0.986176
3212.jpg,0.590388
3213.jpg,0.040387
3214.jpg,0.059130
3215.jpg,0.665737
3216.jpg,0.680152
3217.jpg,0.629927
3218.jpg,0.141005
3219.jpg,0.046522
3220.jpg,0.133439
3221.jpg,0.433861
3222.jpg,0.037819
3223.jpg,0.721586
3224.jpg,0.164733
3225.jpg,0.612067
3226.jpg,0.047313
3227.jpg,0.494886
3228.jpg,0.922818
3229.jpg,0.642468
3230.jpg,0.527711
3231.jpg,0.545550
3232.jpg,0.091801
3233.jpg,0.041377
3234.jpg,0.326987
3235.jpg,0.989607
3236.jpg,0.424026
3237.jpg,0.538574
3238.jpg,0.612168
3239.jpg,0.565981
3240.jpg,0.083645
3241.jpg,0.033469
3242.jpg,0.540975
3243.jpg,0.658588
3244.jpg,0.594043
3245.jpg,0.411809
3246.jpg,0.052094
3247.jpg,0.691947
3248.jpg,0.037456
3249.jpg,0.656375
3250.jpg,0.658352
3251.jpg,0.565311
3252.jpg,0.547438
3253.jpg,0.061688
3254.jpg,0.683276
3255.jpg,0.046616
3256.jpg,0.680647
3257.jpg,0.902534
3258.jpg,0.685688
3259.jpg,0.040730
3260.jpg,0.655232
3261.jpg,0.989467
3262.jpg,0.680149
3263.jpg,0.666926
3264.jpg,0.710241
3265.jpg,0.703793
3266.jpg,0.669288
3267.jpg,0.912822
3268.jpg,0.732732
3269.jpg,0.672491
3270.jpg,0.280194
3271.jpg,0.380345
3272.jpg,0.417364
3273.jpg,0.160552
3274.jpg,0.034838
3275.jpg,0.047332
3276.jpg,0.671216
3277.jpg,0.689313
3278.jpg,0.091040
3279.jpg,0.395828
3280.jpg,0.333626
3281.jpg,0.985678
3282.jpg,0.716593
3283.jpg,0.239125
3284.jpg,0.040186
3285.jpg,0.419816
3286.jpg,0.674741
3287.jpg,0.572256
3288.jpg,0.560454
3289.jpg,0.505170
3290.jpg,0.684697
3291.jpg,0.662910
3292.jpg,0.377955
3293.jpg,0.192090
3294.jpg,0.161887
3295.jpg,0.584890
3296.jpg,0.574744
3297.jpg,0.675904
3298.jpg,0.987952
3299.jpg,0.857577
3300.jpg,0.494727
3301.jpg,0.988284
3302.jpg,0.642047
3303.jpg,0.381330
3304.jpg,0.987985
3305.jpg,0.414284
3306.jpg,0.987797
3307.jpg,0.693878
3308.jpg,0.552908
3309.jpg,0.692207
3310.jpg,0.447065
3311.jpg,0.756198
3312.jpg,0.585440
3313.jpg,0.300529
3314.jpg,0.691177
3315.jpg,0.395461
3316.jpg,0.987609
3317.jpg,0.914488
3318.jpg,0.761171
3319.jpg,0.949250
3320.jpg,0.201441
3321.jpg,0.478999
3322.jpg,0.235885
3323.jpg,0.633691
3324.jpg,0.534630
3325.jpg,0.571430
3326.jpg,0.456840
3327.jpg,0.467055
3328.jpg,0.590295
3329.jpg,0.704056
3330.jpg,0.206423
3331.jpg,0.072692
3332.jpg,0.441632
3333.jpg,0.038360
3334.jpg,0.160959
3335.jpg,0.679461
3336.jpg,0.660540
3337.jpg,0.036405
3338.jpg,0.208882
3339.jpg,0.711912
3340.jpg,0.066768
3341.jpg,0.616708
3342.jpg,0.985738
3343.jpg,0.657863
3344.jpg,0.227944
3345.jpg,0.469351
3346.jpg,0.700442
3347.jpg,0.639035
3348.jpg,0.095131
3349.jpg,0.202485
3350.jpg,0.676791
3351.jpg,0.247486
3352.jpg,0.646758
3353.jpg,0.986676
3354.jpg,0.526291
3355.jpg,0.672682
3356.jpg,0.683596
3357.jpg,0.671620
3358.jpg,0.075056
3359.jpg,0.900678
3360.jpg,0.682761
3361.jpg,0.684415
3362.jpg,0.586281
3363.jpg,0.719950
3364.jpg,0.734536
3365.jpg,0.810550
3366.jpg,0.746842
3367.jpg,0.988218
3368.jpg,0.626729
3369.jpg,0.087340
3370.jpg,0.606824
3371.jpg,0.417767
3372.jpg,0.051275
3373.jpg,0.040884
3374.jpg,0.983762
3375.jpg,0.326687
3376.jpg,0.279432
3377.jpg,0.041342
3378.jpg,0.169750
3379.jpg,0.695470
3380.jpg,0.605758
3381.jpg,0.681642
3382.jpg,0.683414
3383.jpg,0.988412
3384.jpg,0.685820
3385.jpg,0.335643
3386.jpg,0.045769
3387.jpg,0.162802
3388.jpg,0.987673
3389.jpg,0.048304
3390.jpg,0.557958
3391.jpg,0.040209
3392.jpg,0.689331
3393.jpg,0.067593
3394.jpg,0.040655
3395.jpg,0.987128
3396.jpg,0.481388
3397.jpg,0.986281
3398.jpg,0.611639
3399.jpg,0.658545
3400.jpg,0.605704
3401.jpg,0.458664
3402.jpg,0.068186
3403.jpg,0.421884
3404.jpg,0.518757
3405.jpg,0.101792
3406.jpg,0.786307
3407.jpg,0.986977
3408.jpg,0.254473
3409.jpg,0.072005
3410.jpg,0.637464
3411.jpg,0.988012
3412.jpg,0.987167
3413.jpg,0.035757
3414.jpg,0.758795
3415.jpg,0.060475
3416.jpg,0.696398
3417.jpg,0.548286
3418.jpg,0.802490
3419.jpg,0.938623
3420.jpg,0.686693
3421.jpg,0.043834
3422.jpg,0.548967
3423.jpg,0.497822
3424.jpg,0.034898
3425.jpg,0.664072
3426.jpg,0.729046
3427.jpg,0.988699
3428.jpg,0.120471
3429.jpg,0.988365
3430.jpg,0.647280
3431.jpg,0.974762
3432.jpg,0.985986
3433.jpg,0.777620
3434.jpg,0.585148
3435.jpg,0.088576
3436.jpg,0.199969
3437.jpg,0.042484
3438.jpg,0.306800
3439.jpg,0.430345
3440.jpg,0.662254
3441.jpg,0.144559
3442.jpg,0.346404
3443.jpg,0.630806
3444.jpg,0.987107
3445.jpg,0.987189
3446.jpg,0.229924
3447.jpg,0.283603
3448.jpg,0.961695
3449.jpg,0.061670
3450.jpg,0.098151
3451.jpg,0.659295
3452.jpg,0.583790
3453.jpg,0.988246
3454.jpg,0.746089
3455.jpg,0.528006
3456.jpg,0.988003
3457.jpg,0.986667
3458.jpg,0.525728
3459.jpg,0.044193
3460.jpg,0.987051
3461.jpg,0.647331
3462.jpg,0.524730
3463.jpg,0.895366
3464.jpg,0.947505
3465.jpg,0.675869
3466.jpg,0.195291
3467.jpg,0.111749
3468.jpg,0.060280
3469.jpg,0.987582
3470.jpg,0.629134
3471.jpg,0.667532
3472.jpg,0.163655
3473.jpg,0.066013
3474.jpg,0.611931
3475.jpg,0.772113
3476.jpg,0.987374
3477.jpg,0.731637
3478.jpg,0.039228
3479.jpg,0.955752
3480.jpg,0.042200
3481.jpg,0.988237
3482.jpg,0.646969
3483.jpg,0.530160
3484.jpg,0.037085
3485.jpg,0.344079
3486.jpg,0.349589
3487.jpg,0.245037
3488.jpg,0.187282
3489.jpg,0.631250
3490.jpg,0.538382
3491.jpg,0.587188
3492.jpg,0.049361
3493.jpg,0.639306
3494.jpg,0.705071
3495.jpg,0.780880
3496.jpg,0.698191
3497.jpg,0.586736
3498.jpg,0.500603
3499.jpg,0.981249
3500.jpg,0.202542
3501.jpg,0.754655
3502.jpg,0.510992
3503.jpg,0.574777
3504.jpg,0.650892
3505.jpg,0.640110
3506.jpg,0.097789
3507.jpg,0.748044
3508.jpg,0.430822
3509.jpg,0.279746
3510.jpg,0.547747
3511.jpg,0.702180
3512.jpg,0.039821
3513.jpg,0.659686
3514.jpg,0.658470
3515.jpg,0.430140
3516.jpg,0.599271
3517.jpg,0.486743
3518.jpg,0.686618
3519.jpg,0.423955
3520.jpg,0.763901
3521.jpg,0.048070
3522.jpg,0.590534
3523.jpg,0.671903
3524.jpg,0.036759
3525.jpg,0.047417
3526.jpg,0.511769
3527.jpg,0.987748
3528.jpg,0.075838
3529.jpg,0.987730
3530.jpg,0.321138
3531.jpg,0.984695
3532.jpg,0.685674
3533.jpg,0.227992
3534.jpg,0.643957
3535.jpg,0.759873
3536.jpg,0.781892
3537.jpg,0.039573
3538.jpg,0.035549
3539.jpg,0.705554
3540.jpg,0.717328
3541.jpg,0.134218
3542.jpg,0.987592
3543.jpg,0.338424
3544.jpg,0.036252
3545.jpg,0.608197
3546.jpg,0.545846
3547.jpg,0.465851
3548.jpg,0.707330
3549.jpg,0.984260
3550.jpg,0.078965
3551.jpg,0.336234
3552.jpg,0.785999
3553.jpg,0.115579
3554.jpg,0.670484
3555.jpg,0.167344
3556.jpg,0.699895
3557.jpg,0.525297
3558.jpg,0.461704
3559.jpg,0.779957
3560.jpg,0.035837
3561.jpg,0.586524
3562.jpg,0.624224
3563.jpg,0.403189
3564.jpg,0.526814
3565.jpg,0.173552
3566.jpg,0.601692
3567.jpg,0.772793
3568.jpg,0.335197
3569.jpg,0.430349
3570.jpg,0.703739
3571.jpg,0.531394
3572.jpg,0.636321
3573.jpg,0.050320
3574.jpg,0.730764
3575.jpg,0.441579
3576.jpg,0.985638
3577.jpg,0.987026
3578.jpg,0.981828
3579.jpg,0.037075
3580.jpg,0.681360
3581.jpg,0.658875
3582.jpg,0.115079
3583.jpg,0.651271
3584.jpg,0.522387
3585.jpg,0.987727
3586.jpg,0.946974
3587.jpg,0.542862
3588.jpg,0.126278
3589.jpg,0.670033
3590.jpg,0.691718
3591.jpg,0.985048
3592.jpg,0.654680
3593.jpg,0.037467
3594.jpg,0.256633
3595.jpg,0.685146
3596.jpg,0.575563
3597.jpg,0.804208
3598.jpg,0.591915
3599.jpg,0.137413
3600.jpg,0.987200
3601.jpg,0.658068
3602.jpg,0.067480
3603.jpg,0.987112
3604.jpg,0.575673
3605.jpg,0.908503
3606.jpg,0.760350
3607.jpg,0.454884
3608.jpg,0.225339
3609.jpg,0.626998
3610.jpg,0.091327
3611.jpg,0.587884
3612.jpg,0.036741
3613.jpg,0.476410
3614.jpg,0.320406
3615.jpg,0.613855
3616.jpg,0.398452
3617.jpg,0.143739
3618.jpg,0.195378
3619.jpg,0.389842
3620.jpg,0.539566
3621.jpg,0.910679
3622.jpg,0.986859
3623.jpg,0.035776
3624.jpg,0.283234
3625.jpg,0.157334
3626.jpg,0.497378
3627.jpg,0.177277
3628.jpg,0.032651
3629.jpg,0.987131
3630.jpg,0.986611
3631.jpg,0.554771
3632.jpg,0.684519
3633.jpg,0.322216
3634.jpg,0.400151
3635.jpg,0.607133
3636.jpg,0.247831
3637.jpg,0.399367
3638.jpg,0.046957
3639.jpg,0.043316
3640.jpg,0.600989
3641.jpg,0.695439
3642.jpg,0.988370
3643.jpg,0.628626
3644.jpg,0.408634
3645.jpg,0.947921
3646.jpg,0.986333
3647.jpg,0.678793
3648.jpg,0.664217
3649.jpg,0.702642
3650.jpg,0.644072
3651.jpg,0.090185
3652.jpg,0.558303
3653.jpg,0.469980
3654.jpg,0.991183
3655.jpg,0.478500
3656.jpg,0.988691
3657.jpg,0.247561
3658.jpg,0.037716
3659.jpg,0.037805
3660.jpg,0.621077
3661.jpg,0.035684
3662.jpg,0.339874
3663.jpg,0.674122
3664.jpg,0.384653
3665.jpg,0.613114
3666.jpg,0.652095
3667.jpg,0.040518
3668.jpg,0.694165
3669.jpg,0.984854
3670.jpg,0.038727
3671.jpg,0.988394
3672.jpg,0.536578
3673.jpg,0.988977
3674.jpg,0.616861
3675.jpg,0.675743
3676.jpg,0.652370
3677.jpg,0.625506
3678.jpg,0.988136
3679.jpg,0.669539
3680.jpg,0.659834
3681.jpg,0.206367
3682.jpg,0.040150
3683.jpg,0.287474
3684.jpg,0.687539
3685.jpg,0.929902
3686.jpg,0.928145
3687.jpg,0.155425
3688.jpg,0.421714
3689.jpg,0.681210
3690.jpg,0.049628
3691.jpg,0.620399
3692.jpg,0.986227
3693.jpg,0.667839
3694.jpg,0.586332
3695.jpg,0.748687
3696.jpg,0.034343
3697.jpg,0.616909
3698.jpg,0.714764
3699.jpg,0.108126
3700.jpg,0.070119
3701.jpg,0.467923
3702.jpg,0.233130
3703.jpg,0.492252
3704.jpg,0.234380
3705.jpg,0.977548
3706.jpg,0.098954
3707.jpg,0.524595
3708.jpg,0.049670
3709.jpg,0.508467
3710.jpg,0.698842
3711.jpg,0.685624
3712.jpg,0.061418
3713.jpg,0.644835
3714.jpg,0.604330
3715.jpg,0.980019
3716.jpg,0.124688
3717.jpg,0.718272
3718.jpg,0.110982
3719.jpg,0.645975
3720.jpg,0.584981
3721.jpg,0.521938
3722.jpg,0.701122
3723.jpg,0.646560
3724.jpg,0.721284
3725.jpg,0.036578
3726.jpg,0.103836
3727.jpg,0.151925
3728.jpg,0.727934
3729.jpg,0.035725
3730.jpg,0.764009
3731.jpg,0.082223
3732.jpg,0.586367
3733.jpg,0.987763
3734.jpg,0.387541
3735.jpg,0.987882
3736.jpg,0.608166
3737.jpg,0.768702
3738.jpg,0.274767
3739.jpg,0.451974
3740.jpg,0.051001
3741.jpg,0.357636
3742.jpg,0.067408
3743.jpg,0.674323
3744.jpg,0.651253
3745.jpg,0.587757
3746.jpg,0.055343
3747.jpg,0.039431
3748.jpg,0.527296
3749.jpg,0.051044
3750.jpg,0.514985
3751.jpg,0.405866
3752.jpg,0.091846
3753.jpg,0.322878
3754.jpg,0.750965
3755.jpg,0.987239
3756.jpg,0.986914
3757.jpg,0.539043
3758.jpg,0.364390
3759.jpg,0.555628
3760.jpg,0.741716
3761.jpg,0.268126
3762.jpg,0.982982
3763.jpg,0.632888
3764.jpg,0.661172
3765.jpg,0.988358
3766.jpg,0.980933
3767.jpg,0.987998
3768.jpg,0.684188
3769.jpg,0.894347
3770.jpg,0.655165
3771.jpg,0.065464
3772.jpg,0.695141
3773.jpg,0.976460
3774.jpg,0.929825
3775.jpg,0.544419
3776.jpg,0.656525
3777.jpg,0.986294
3778.jpg,0.138589
3779.jpg,0.987575
3780.jpg,0.573011
3781.jpg,0.789564
3782.jpg,0.796394
3783.jpg,0.045606
3784.jpg,0.210085
3785.jpg,0.689740
3786.jpg,0.718461
3787.jpg,0.678693
3788.jpg,0.666724
3789.jpg,0.138040
3790.jpg,0.476286
3791.jpg,0.430055
3792.jpg,0.986768
3793.jpg,0.659754
3794.jpg,0.769801
3795.jpg,0.478633
3796.jpg,0.056510
3797.jpg,0.987253
3798.jpg,0.709829
3799.jpg,0.982039
3800.jpg,0.536986
3801.jpg,0.753183
3802.jpg,0.476682
3803.jpg,0.372727
3804.jpg,0.744051
3805.jpg,0.682231
3806.jpg,0.693631
3807.jpg,0.073365
3808.jpg,0.643882
3809.jpg,0.036173
3810.jpg,0.522494
3811.jpg,0.742378
3812.jpg,0.488906
3813.jpg,0.083450
3814.jpg,0.666621
3815.jpg,0.121123
3816.jpg,0.033723
3817.jpg,0.124220
3818.jpg,0.690446
3819.jpg,0.555633
3820.jpg,0.675103
3821.jpg,0.651868
3822.jpg,0.480039
3823.jpg,0.987577
3824.jpg,0.031860
3825.jpg,0.045065
3826.jpg,0.034565
3827.jpg,0.323164
3828.jpg,0.530304
3829.jpg,0.546105
3830.jpg,0.044293
3831.jpg,0.715898
3832.jpg,0.170905
3833.jpg,0.514102
3834.jpg,0.756561
3835.jpg,0.478627
3836.jpg,0.481512
3837.jpg,0.614568
3838.jpg,0.738854
3839.jpg,0.307559
3840.jpg,0.789760
3841.jpg,0.611417
3842.jpg,0.674281
3843.jpg,0.749338
3844.jpg,0.987898
3845.jpg,0.748043
3846.jpg,0.696585
3847.jpg,0.044776
3848.jpg,0.678114
3849.jpg,0.441930
3850.jpg,0.647272
3851.jpg,0.499152
3852.jpg,0.795230
3853.jpg,0.987933
3854.jpg,0.033017
3855.jpg,0.047492
3856.jpg,0.573057
3857.jpg,0.532596
3858.jpg,0.696321
3859.jpg,0.049371
3860.jpg,0.989692
3861.jpg,0.711864
3862.jpg,0.582077
3863.jpg,0.775577
3864.jpg,0.983851
3865.jpg,0.986521
3866.jpg,0.039049
3867.jpg,0.972045
3868.jpg,0.035988
3869.jpg,0.665371
3870.jpg,0.703023
3871.jpg,0.037334
3872.jpg,0.665996
3873.jpg,0.041271
3874.jpg,0.043845
3875.jpg,0.674858
3876.jpg,0.036444
3877.jpg,0.043697
3878.jpg,0.045606
3879.jpg,0.035179
3880.jpg,0.085637
3881.jpg,0.038024
3882.jpg,0.091977
3883.jpg,0.616040
3884.jpg,0.058661
3885.jpg,0.987085
3886.jpg,0.681821
3887.jpg,0.656615
3888.jpg,0.504728
3889.jpg,0.915094
3890.jpg,0.045818
3891.jpg,0.421319
3892.jpg,0.034956
3893.jpg,0.573427
3894.jpg,0.710524
3895.jpg,0.648029
3896.jpg,0.635586
3897.jpg,0.626135
3898.jpg,0.649072
3899.jpg,0.781642
3900.jpg,0.721519
3901.jpg,0.636146
3902.jpg,0.038031
3903.jpg,0.673643
3904.jpg,0.988319
3905.jpg,0.665354
3906.jpg,0.387297
3907.jpg,0.769864
3908.jpg,0.508734
3909.jpg,0.671975
3910.jpg,0.033605
3911.jpg,0.040096
3912.jpg,0.878362
3913.jpg,0.516056
3914.jpg,0.989008
3915.jpg,0.320965
3916.jpg,0.044970
3917.jpg,0.554709
3918.jpg,0.744906
3919.jpg,0.055255
3920.jpg,0.986609
3921.jpg,0.038783
3922.jpg,0.401346
3923.jpg,0.678502
3924.jpg,0.047600
3925.jpg,0.594815
3926.jpg,0.637462
3927.jpg,0.198997
3928.jpg,0.198899
3929.jpg,0.665560
3930.jpg,0.687228
3931.jpg,0.052393
3932.jpg,0.255017
3933.jpg,0.445362
3934.jpg,0.671312
3935.jpg,0.298793
3936.jpg,0.786753
3937.jpg,0.036983
3938.jpg,0.123930
3939.jpg,0.613009
3940.jpg,0.713220
3941.jpg,0.430886
3942.jpg,0.979104
3943.jpg,0.654558
3944.jpg,0.699444
3945.jpg,0.662879
3946.jpg,0.754676
3947.jpg,0.554301
3948.jpg,0.359331
3949.jpg,0.042451
3950.jpg,0.988843
3951.jpg,0.314424
3952.jpg,0.533099
3953.jpg,0.713339
3954.jpg,0.666466
3955.jpg,0.415364
3956.jpg,0.674373
3957.jpg,0.672162
3958.jpg,0.988298
3959.jpg,0.413739
3960.jpg,0.386827
3961.jpg,0.204893
3962.jpg,0.987875
3963.jpg,0.453372
3964.jpg,0.670190
3965.jpg,0.469949
3966.jpg,0.349681
3967.jpg,0.987786
3968.jpg,0.056897
3969.jpg,0.341843
3970.jpg,0.537802
3971.jpg,0.664147
3972.jpg,0.134314
3973.jpg,0.417535
3974.jpg,0.987161
3975.jpg,0.603242
3976.jpg,0.694315
3977.jpg,0.745346
3978.jpg,0.768977
3979.jpg,0.684371
3980.jpg,0.035146
3981.jpg,0.045321
3982.jpg,0.607221
3983.jpg,0.625499
3984.jpg,0.559794
3985.jpg,0.605825
3986.jpg,0.766055
3987.jpg,0.522415
3988.jpg,0.445396
3989.jpg,0.987606
3990.jpg,0.718500
3991.jpg,0.521312
3992.jpg,0.815783
3993.jpg,0.164078
3994.jpg,0.314263
3995.jpg,0.602349
3996.jpg,0.565893
3997.jpg,0.695684
3998.jpg,0.106717
3999.jpg,0.632642
4000.jpg,0.622314
4001.jpg,0.037709
4002.jpg,0.747731
4003.jpg,0.466035
4004.jpg,0.672395
4005.jpg,0.709139
4006.jpg,0.985446
4007.jpg,0.085367
4008.jpg,0.050243
4009.jpg,0.126009
4010.jpg,0.766091
4011.jpg,0.039131
4012.jpg,0.728564
4013.jpg,0.389099
4014.jpg,0.090569
4015.jpg,0.085317
4016.jpg,0.042173
4017.jpg,0.985592
4018.jpg,0.438357
4019.jpg,0.202406
4020.jpg,0.547343
4021.jpg,0.564568
4022.jpg,0.565554
4023.jpg,0.512097
4024.jpg,0.202618
4025.jpg,0.986011
4026.jpg,0.621005
4027.jpg,0.476612
4028.jpg,0.497255
4029.jpg,0.035109
4030.jpg,0.256263
4031.jpg,0.963178
4032.jpg,0.666571
4033.jpg,0.470340
4034.jpg,0.069232
4035.jpg,0.621713
4036.jpg,0.676615
4037.jpg,0.054651
4038.jpg,0.985738
4039.jpg,0.499645
4040.jpg,0.527342
4041.jpg,0.701098
4042.jpg,0.547342
4043.jpg,0.459308
4044.jpg,0.207265
4045.jpg,0.486094
4046.jpg,0.987159
4047.jpg,0.987908
4048.jpg,0.987554
4049.jpg,0.053225
4050.jpg,0.987140
4051.jpg,0.370698
4052.jpg,0.419264
4053.jpg,0.037232
4054.jpg,0.987897
4055.jpg,0.478333
4056.jpg,0.652055
4057.jpg,0.638461
4058.jpg,0.042825
4059.jpg,0.036889
4060.jpg,0.516140
4061.jpg,0.057907
4062.jpg,0.688946
4063.jpg,0.669699
4064.jpg,0.611115
4065.jpg,0.126019
4066.jpg,0.367760
4067.jpg,0.987363
4068.jpg,0.435840
4069.jpg,0.642921
4070.jpg,0.839168
4071.jpg,0.988565
4072.jpg,0.043907
4073.jpg,0.598395
4074.jpg,0.982028
4075.jpg,0.682351
4076.jpg,0.642078
4077.jpg,0.678223
4078.jpg,0.750146
4079.jpg,0.117203
4080.jpg,0.553222
4081.jpg,0.680326
4082.jpg,0.326306
4083.jpg,0.591169
4084.jpg,0.516196
4085.jpg,0.040755
4086.jpg,0.666229
4087.jpg,0.330563
4088.jpg,0.987798
4089.jpg,0.166250
4090.jpg,0.670293
4091.jpg,0.191255
4092.jpg,0.691511
4093.jpg,0.055816
4094.jpg,0.687497
4095.jpg,0.040927
4096.jpg,0.501099
4097.jpg,0.551667
4098.jpg,0.486092
4099.jpg,0.987683
4100.jpg,0.574866
4101.jpg,0.824957
4102.jpg,0.050888
4103.jpg,0.651331
4104.jpg,0.758908
4105.jpg,0.092569
4106.jpg,0.725250
4107.jpg,0.713218
4108.jpg,0.645104
4109.jpg,0.490020
4110.jpg,0.040356
4111.jpg,0.684939
4112.jpg,0.400695
4113.jpg,0.081394
4114.jpg,0.485396
4115.jpg,0.094529
4116.jpg,0.038856
4117.jpg,0.800238
4118.jpg,0.304476
4119.jpg,0.652406
4120.jpg,0.987109
4121.jpg,0.670012
4122.jpg,0.053466
4123.jpg,0.988229
4124.jpg,0.039563
4125.jpg,0.633663
4126.jpg,0.628483
4127.jpg,0.441315
4128.jpg,0.986007
4129.jpg,0.505604
4130.jpg,0.138459
4131.jpg,0.485852
4132.jpg,0.987563
4133.jpg,0.047629
4134.jpg,0.664005
4135.jpg,0.987353
4136.jpg,0.545596
4137.jpg,0.042848
4138.jpg,0.127050
4139.jpg,0.984853
4140.jpg,0.654077
4141.jpg,0.160008
4142.jpg,0.633191
4143.jpg,0.429301
4144.jpg,0.567052
4145.jpg,0.987913
4146.jpg,0.784047
4147.jpg,0.137021
4148.jpg,0.737301
4149.jpg,0.660776
4150.jpg,0.439868
4151.jpg,0.648977
4152.jpg,0.295476
4153.jpg,0.404261
4154.jpg,0.657878
4155.jpg,0.988584
4156.jpg,0.451233
4157.jpg,0.277447
4158.jpg,0.670145
4159.jpg,0.682885
4160.jpg,0.040953
4161.jpg,0.401767
4162.jpg,0.658342
4163.jpg,0.038902
4164.jpg,0.048247
4165.jpg,0.034098
4166.jpg,0.630464
4167.jpg,0.676378
4168.jpg,0.060574
4169.jpg,0.987244
4170.jpg,0.567374
4171.jpg,0.987296
4172.jpg,0.716369
4173.jpg,0.130284
4174.jpg,0.694107
4175.jpg,0.859395
4176.jpg,0.536022
4177.jpg,0.931886
4178.jpg,0.604807
4179.jpg,0.879934
4180.jpg,0.609353
4181.jpg,0.466837
4182.jpg,0.703453
4183.jpg,0.057175
4184.jpg,0.734943
4185.jpg,0.290660
4186.jpg,0.094129
4187.jpg,0.446217
4188.jpg,0.750445
4189.jpg,0.529961
4190.jpg,0.095302
4191.jpg,0.524664
4192.jpg,0.600801
4193.jpg,0.115029
4194.jpg,0.038543
4195.jpg,0.065277
4196.jpg,0.942284
4197.jpg,0.629763
4198.jpg,0.643098
4199.jpg,0.986058
4200.jpg,0.475702
4201.jpg,0.179662
4202.jpg,0.989199
4203.jpg,0.664402
4204.jpg,0.140175
4205.jpg,0.490311
4206.jpg,0.577058
4207.jpg,0.515450
4208.jpg,0.663505
4209.jpg,0.132674
4210.jpg,0.666691
4211.jpg,0.042065
4212.jpg,0.825701
4213.jpg,0.862491
4214.jpg,0.849777
4215.jpg,0.988844
4216.jpg,0.082071
4217.jpg,0.658728
4218.jpg,0.706471
4219.jpg,0.576826
4220.jpg,0.638751
4221.jpg,0.670822
4222.jpg,0.666831
4223.jpg,0.641538
4224.jpg,0.985860
4225.jpg,0.858693
4226.jpg,0.558350
4227.jpg,0.732715
4228.jpg,0.746517
4229.jpg,0.636860
4230.jpg,0.554860
4231.jpg,0.492952
4232.jpg,0.641974
4233.jpg,0.041058
4234.jpg,0.626266
4235.jpg,0.620067
4236.jpg,0.040170
4237.jpg,0.988865
4238.jpg,0.694839
4239.jpg,0.743918
4240.jpg,0.617861
4241.jpg,0.303797
4242.jpg,0.039459
4243.jpg,0.676326
4244.jpg,0.654214
4245.jpg,0.324943
4246.jpg,0.544568
4247.jpg,0.987852
4248.jpg,0.174086
4249.jpg,0.638001
4250.jpg,0.285407
4251.jpg,0.239337
4252.jpg,0.987821
4253.jpg,0.986969
4254.jpg,0.491278
4255.jpg,0.660072
4256.jpg,0.285878
4257.jpg,0.038886
4258.jpg,0.915001
4259.jpg,0.667884
4260.jpg,0.668812
4261.jpg,0.070193
4262.jpg,0.739815
4263.jpg,0.661663
4264.jpg,0.411969
4265.jpg,0.876167
4266.jpg,0.128373
4267.jpg,0.672463
4268.jpg,0.988454
4269.jpg,0.237274
4270.jpg,0.182232
4271.jpg,0.034870
4272.jpg,0.058907
4273.jpg,0.050161
4274.jpg,0.678508
4275.jpg,0.045033
4276.jpg,0.682815
4277.jpg,0.763504
4278.jpg,0.620255
4279.jpg,0.663427
4280.jpg,0.641835
4281.jpg,0.043239
4282.jpg,0.043546
4283.jpg,0.050077
4284.jpg,0.642947
4285.jpg,0.987344
4286.jpg,0.731084
4287.jpg,0.772119
4288.jpg,0.386404
4289.jpg,0.736192
4290.jpg,0.665682
4291.jpg,0.057116
4292.jpg,0.987756
4293.jpg,0.418560
4294.jpg,0.794447
4295.jpg,0.658198
4296.jpg,0.669220
4297.jpg,0.670070
4298.jpg,0.115462
4299.jpg,0.672350
4300.jpg,0.547975
4301.jpg,0.464856
4302.jpg,0.587942
4303.jpg,0.054016
4304.jpg,0.628332
4305.jpg,0.580178
4306.jpg,0.282727
4307.jpg,0.040272
4308.jpg,0.605780
4309.jpg,0.656909
4310.jpg,0.584531
4311.jpg,0.765962
4312.jpg,0.672723
4313.jpg,0.038780
4314.jpg,0.070725
4315.jpg,0.696665
4316.jpg,0.696179
4317.jpg,0.587208
4318.jpg,0.653670
4319.jpg,0.049599
4320.jpg,0.568496
4321.jpg,0.578944
4322.jpg,0.959284
4323.jpg,0.113235
4324.jpg,0.753225
4325.jpg,0.266070
4326.jpg,0.371181
4327.jpg,0.862475
4328.jpg,0.666930
4329.jpg,0.279068
4330.jpg,0.588309
4331.jpg,0.363691
4332.jpg,0.758439
4333.jpg,0.133980
4334.jpg,0.715579
4335.jpg,0.614215
4336.jpg,0.529667
4337.jpg,0.050763
4338.jpg,0.046925
4339.jpg,0.565193
4340.jpg,0.987712
4341.jpg,0.046317
4342.jpg,0.697958
4343.jpg,0.712303
4344.jpg,0.956120
4345.jpg,0.621813
4346.jpg,0.579459
4347.jpg,0.802262
4348.jpg,0.039981
4349.jpg,0.987262
4350.jpg,0.040356
4351.jpg,0.032136
4352.jpg,0.680019
4353.jpg,0.192470
4354.jpg,0.456382
4355.jpg,0.657109
4356.jpg,0.864116
4357.jpg,0.453990
4358.jpg,0.472300
4359.jpg,0.677160
4360.jpg,0.499627
4361.jpg,0.617094
4362.jpg,0.728380
4363.jpg,0.631056
4364.jpg,0.082034
4365.jpg,0.693507
4366.jpg,0.465059
4367.jpg,0.158794
4368.jpg,0.675513
4369.jpg,0.043805
4370.jpg,0.392445
4371.jpg,0.981481
4372.jpg,0.435031
4373.jpg,0.929707
4374.jpg,0.039303
4375.jpg,0.941729
4376.jpg,0.580178
4377.jpg,0.040134
4378.jpg,0.051176
4379.jpg,0.533780
4380.jpg,0.642094
4381.jpg,0.573438
4382.jpg,0.727746
4383.jpg,0.769610
4384.jpg,0.035872
4385.jpg,0.032989
4386.jpg,0.364418
4387.jpg,0.536587
4388.jpg,0.227899
4389.jpg,0.591289
4390.jpg,0.120323
4391.jpg,0.041521
4392.jpg,0.696207
4393.jpg,0.066205
4394.jpg,0.985208
4395.jpg,0.729931
4396.jpg,0.035600
4397.jpg,0.725347
4398.jpg,0.637011
4399.jpg,0.260965
4400.jpg,0.368971
4401.jpg,0.212785
4402.jpg,0.740491
4403.jpg,0.377142
4404.jpg,0.429112
4405.jpg,0.032998
4406.jpg,0.967458
4407.jpg,0.978877
4408.jpg,0.677598
4409.jpg,0.034521
4410.jpg,0.688225
4411.jpg,0.694143
4412.jpg,0.631531
4413.jpg,0.055546
4414.jpg,0.765003
4415.jpg,0.979180
4416.jpg,0.702528
4417.jpg,0.521780
4418.jpg,0.077279
4419.jpg,0.622323
4420.jpg,0.840325
4421.jpg,0.707183
4422.jpg,0.752786
4423.jpg,0.808293
4424.jpg,0.715861
4425.jpg,0.537960
4426.jpg,0.516812
4427.jpg,0.593227
4428.jpg,0.679364
4429.jpg,0.127707
4430.jpg,0.987983
4431.jpg,0.066006
4432.jpg,0.987002
4433.jpg,0.043058
4434.jpg,0.647384
4435.jpg,0.502260
4436.jpg,0.464762
4437.jpg,0.985413
4438.jpg,0.503523
4439.jpg,0.740045
4440.jpg,0.695575
4441.jpg,0.536730
4442.jpg,0.732176
4443.jpg,0.986598
4444.jpg,0.904253
4445.jpg,0.840193
4446.jpg,0.988105
4447.jpg,0.985101
4448.jpg,0.105015
4449.jpg,0.137767
4450.jpg,0.050592
4451.jpg,0.744188
4452.jpg,0.468992
4453.jpg,0.989325
4454.jpg,0.663010
4455.jpg,0.728901
4456.jpg,0.988037
4457.jpg,0.478687
4458.jpg,0.034924
4459.jpg,0.040656
4460.jpg,0.645792
4461.jpg,0.036792
4462.jpg,0.672512
4463.jpg,0.414814
4464.jpg,0.464172
4465.jpg,0.403206
4466.jpg,0.987717
4467.jpg,0.669275
4468.jpg,0.491698
4469.jpg,0.808869
4470.jpg,0.044606
4471.jpg,0.707155
4472.jpg,0.046862
4473.jpg,0.930488
4474.jpg,0.985549
4475.jpg,0.731396
4476.jpg,0.491215
4477.jpg,0.042530
4478.jpg,0.436390
4479.jpg,0.682599
4480.jpg,0.077613
4481.jpg,0.683264
4482.jpg,0.076805
4483.jpg,0.034321
4484.jpg,0.988839
4485.jpg,0.188488
4486.jpg,0.410043
4487.jpg,0.037352
4488.jpg,0.467955
4489.jpg,0.417352
4490.jpg,0.087939
4491.jpg,0.656663
4492.jpg,0.558319
4493.jpg,0.672373
4494.jpg,0.832270
4495.jpg,0.522758
4496.jpg,0.586634
4497.jpg,0.530547
4498.jpg,0.596622
4499.jpg,0.168668
4500.jpg,0.036105
4501.jpg,0.416688
4502.jpg,0.488883
4503.jpg,0.530970
4504.jpg,0.642159
4505.jpg,0.557624
4506.jpg,0.651345
4507.jpg,0.649492
4508.jpg,0.667864
4509.jpg,0.416015
4510.jpg,0.430897
4511.jpg,0.543060
4512.jpg,0.516016
4513.jpg,0.620851
4514.jpg,0.460959
4515.jpg,0.095263
4516.jpg,0.563628
4517.jpg,0.682820
4518.jpg,0.689331
4519.jpg,0.692664
4520.jpg,0.796908
4521.jpg,0.788017
4522.jpg,0.619282
4523.jpg,0.641341
4524.jpg,0.505462
4525.jpg,0.982796
4526.jpg,0.699416
4527.jpg,0.428442
4528.jpg,0.964526
4529.jpg,0.744655
4530.jpg,0.751716
4531.jpg,0.703546
4532.jpg,0.431768
4533.jpg,0.035508
4534.jpg,0.681372
4535.jpg,0.070218
4536.jpg,0.699228
4537.jpg,0.738417
4538.jpg,0.755499
4539.jpg,0.331314
4540.jpg,0.501040
4541.jpg,0.676336
4542.jpg,0.038415
4543.jpg,0.196463
4544.jpg,0.041703
4545.jpg,0.431986
4546.jpg,0.108186
4547.jpg,0.092683
4548.jpg,0.682064
4549.jpg,0.666336
4550.jpg,0.059705
4551.jpg,0.988532
4552.jpg,0.526760
4553.jpg,0.035581
4554.jpg,0.041205
4555.jpg,0.615917
4556.jpg,0.495963
4557.jpg,0.773296
4558.jpg,0.971086
4559.jpg,0.051191
4560.jpg,0.690920
4561.jpg,0.688364
4562.jpg,0.612676
4563.jpg,0.958013
4564.jpg,0.803201
4565.jpg,0.180788
4566.jpg,0.987338
4567.jpg,0.491242
4568.jpg,0.691273
4569.jpg,0.454735
4570.jpg,0.668670
4571.jpg,0.728390
4572.jpg,0.762987
4573.jpg,0.685949
4574.jpg,0.677379
4575.jpg,0.101520
4576.jpg,0.037803
4577.jpg,0.567533
4578.jpg,0.969357
4579.jpg,0.580767
4580.jpg,0.604503
4581.jpg,0.665256
4582.jpg,0.381996
4583.jpg,0.275490
4584.jpg,0.093886
4585.jpg,0.701087
4586.jpg,0.036829
4587.jpg,0.664759
4588.jpg,0.712193
4589.jpg,0.679020
4590.jpg,0.467783
4591.jpg,0.355806
4592.jpg,0.635651
4593.jpg,0.413725
4594.jpg,0.586479
4595.jpg,0.673086
4596.jpg,0.707321
4597.jpg,0.803732
4598.jpg,0.232714
4599.jpg,0.067911
4600.jpg,0.223223
4601.jpg,0.186301
4602.jpg,0.046184
4603.jpg,0.041354
4604.jpg,0.066909
4605.jpg,0.648205
4606.jpg,0.037606
4607.jpg,0.701795
4608.jpg,0.758508
4609.jpg,0.486620
4610.jpg,0.037813
4611.jpg,0.191108
4612.jpg,0.430783
4613.jpg,0.043246
4614.jpg,0.609808
4615.jpg,0.914070
4616.jpg,0.043565
4617.jpg,0.664825
4618.jpg,0.751264
4619.jpg,0.989284
4620.jpg,0.047638
4621.jpg,0.986545
4622.jpg,0.163843
4623.jpg,0.040653
4624.jpg,0.907532
4625.jpg,0.046753
4626.jpg,0.437980
4627.jpg,0.357324
4628.jpg,0.039510
4629.jpg,0.759281
4630.jpg,0.501678
4631.jpg,0.798399
4632.jpg,0.558964
4633.jpg,0.038730
4634.jpg,0.645986
4635.jpg,0.692180
4636.jpg,0.334989
4637.jpg,0.493732
4638.jpg,0.982863
4639.jpg,0.631103
4640.jpg,0.594174
4641.jpg,0.841079
4642.jpg,0.986689
4643.jpg,0.703290
4644.jpg,0.665343
4645.jpg,0.638303
4646.jpg,0.283883
4647.jpg,0.136870
4648.jpg,0.985879
4649.jpg,0.034243
4650.jpg,0.989000
4651.jpg,0.648888
4652.jpg,0.111573
4653.jpg,0.446118
4654.jpg,0.540902
4655.jpg,0.506257
4656.jpg,0.981929
4657.jpg,0.658530
4658.jpg,0.411154
4659.jpg,0.319146
4660.jpg,0.747037
4661.jpg,0.759680
4662.jpg,0.384632
4663.jpg,0.154288
4664.jpg,0.689112
4665.jpg,0.620302
4666.jpg,0.838094
4667.jpg,0.777298
4668.jpg,0.986347
4669.jpg,0.974313
4670.jpg,0.264934
4671.jpg,0.714103
4672.jpg,0.977026
4673.jpg,0.039206
4674.jpg,0.693155
4675.jpg,0.538250
4676.jpg,0.153308
4677.jpg,0.627882
4678.jpg,0.542657
4679.jpg,0.734255
4680.jpg,0.984212
4681.jpg,0.691045
4682.jpg,0.534471
4683.jpg,0.095576
4684.jpg,0.669889
4685.jpg,0.865153
4686.jpg,0.038699
4687.jpg,0.035766
4688.jpg,0.489110
4689.jpg,0.986741
4690.jpg,0.405775
4691.jpg,0.988006
4692.jpg,0.640476
4693.jpg,0.048470
4694.jpg,0.987858
4695.jpg,0.987014
4696.jpg,0.463215
4697.jpg,0.049675
4698.jpg,0.655819
4699.jpg,0.682840
4700.jpg,0.538582
4701.jpg,0.988042
4702.jpg,0.672473
4703.jpg,0.097772
4704.jpg,0.572695
4705.jpg,0.260839
4706.jpg,0.189522
4707.jpg,0.682944
4708.jpg,0.671521
4709.jpg,0.041840
4710.jpg,0.111651
4711.jpg,0.625627
4712.jpg,0.672931
4713.jpg,0.726274
4714.jpg,0.078986
4715.jpg,0.683928
4716.jpg,0.962531
4717.jpg,0.694039
4718.jpg,0.301181
4719.jpg,0.256353
4720.jpg,0.547422
4721.jpg,0.684820
4722.jpg,0.123001
4723.jpg,0.691418
4724.jpg,0.652097
4725.jpg,0.257500
4726.jpg,0.441097
4727.jpg,0.879751
4728.jpg,0.702293
4729.jpg,0.149642
4730.jpg,0.662371
4731.jpg,0.622917
4732.jpg,0.047350
4733.jpg,0.589469
4734.jpg,0.657925
4735.jpg,0.515625
4736.jpg,0.691230
4737.jpg,0.730611
4738.jpg,0.576771
4739.jpg,0.087153
4740.jpg,0.757831
4741.jpg,0.134059
4742.jpg,0.679043
4743.jpg,0.252379
4744.jpg,0.623707
4745.jpg,0.652301
4746.jpg,0.729232
4747.jpg,0.772553
4748.jpg,0.137662
4749.jpg,0.043529
4750.jpg,0.756425
4751.jpg,0.648465
4752.jpg,0.680738
4753.jpg,0.168430
4754.jpg,0.037695
4755.jpg,0.296618
4756.jpg,0.648025
4757.jpg,0.476639
4758.jpg,0.987785
4759.jpg,0.040521
4760.jpg,0.691364
4761.jpg,0.044590
4762.jpg,0.335081
4763.jpg,0.710516
4764.jpg,0.935149
4765.jpg,0.219331
4766.jpg,0.046031
4767.jpg,0.123187
4768.jpg,0.720849
4769.jpg,0.064949
4770.jpg,0.555635
4771.jpg,0.617011
4772.jpg,0.576281
4773.jpg,0.683976
4774.jpg,0.039953
4775.jpg,0.112270
4776.jpg,0.988294
4777.jpg,0.040087
4778.jpg,0.823238
4779.jpg,0.986330
4780.jpg,0.631130
4781.jpg,0.040334
4782.jpg,0.039905
4783.jpg,0.043718
4784.jpg,0.757107
4785.jpg,0.610261
4786.jpg,0.987505
4787.jpg,0.146669
4788.jpg,0.713136
4789.jpg,0.497565
4790.jpg,0.033068
4791.jpg,0.657890
4792.jpg,0.985303
4793.jpg,0.038045
4794.jpg,0.325893
4795.jpg,0.037040
4796.jpg,0.044303
4797.jpg,0.618460
4798.jpg,0.137405
4799.jpg,0.668470
4800.jpg,0.664240
4801.jpg,0.600794
4802.jpg,0.985418
4803.jpg,0.281107
4804.jpg,0.689439
4805.jpg,0.434528
4806.jpg,0.741354
4807.jpg,0.738752
4808.jpg,0.689636
4809.jpg,0.662883
4810.jpg,0.096972
4811.jpg,0.620627
4812.jpg,0.718335
4813.jpg,0.578274
4814.jpg,0.720254
4815.jpg,0.987806
4816.jpg,0.987661
4817.jpg,0.722123
4818.jpg,0.680464
4819.jpg,0.156845
4820.jpg,0.423286
4821.jpg,0.821957
4822.jpg,0.396941
4823.jpg,0.648421
4824.jpg,0.986862
4825.jpg,0.766784
4826.jpg,0.476499
4827.jpg,0.038299
4828.jpg,0.639241
4829.jpg,0.672808
4830.jpg,0.618239
4831.jpg,0.980123
4832.jpg,0.044043
4833.jpg,0.036969
4834.jpg,0.614778
4835.jpg,0.982715
4836.jpg,0.395766
4837.jpg,0.531931
4838.jpg,0.734687
4839.jpg,0.675879
4840.jpg,0.044122
4841.jpg,0.323798
4842.jpg,0.539657
4843.jpg,0.736683
4844.jpg,0.676078
4845.jpg,0.731327
4846.jpg,0.674922
4847.jpg,0.759670
4848.jpg,0.352071
4849.jpg,0.974811
4850.jpg,0.692171
4851.jpg,0.985384
4852.jpg,0.380253
4853.jpg,0.485907
4854.jpg,0.619659
4855.jpg,0.483938
4856.jpg,0.674521
4857.jpg,0.917204
4858.jpg,0.917303
4859.jpg,0.387408
4860.jpg,0.086928
4861.jpg,0.961060
4862.jpg,0.196556
4863.jpg,0.040392
4864.jpg,0.988682
4865.jpg,0.643834
4866.jpg,0.393692
4867.jpg,0.567181
4868.jpg,0.044274
4869.jpg,0.039504
4870.jpg,0.985929
4871.jpg,0.473034
4872.jpg,0.522529
4873.jpg,0.550535
4874.jpg,0.521944
4875.jpg,0.798991
4876.jpg,0.230770
4877.jpg,0.220326
4878.jpg,0.987503
4879.jpg,0.550257
4880.jpg,0.652512
4881.jpg,0.043293
4882.jpg,0.055493
4883.jpg,0.674747
4884.jpg,0.987377
4885.jpg,0.684087
4886.jpg,0.088535
4887.jpg,0.033713
4888.jpg,0.526027
4889.jpg,0.708409
4890.jpg,0.987787
4891.jpg,0.161165
4892.jpg,0.986533
4893.jpg,0.221476
4894.jpg,0.707576
4895.jpg,0.759109
4896.jpg,0.040383
4897.jpg,0.040642
4898.jpg,0.061475
4899.jpg,0.639384
4900.jpg,0.541681
4901.jpg,0.985515
4902.jpg,0.572297
4903.jpg,0.983015
4904.jpg,0.102059
4905.jpg,0.772379
4906.jpg,0.775862
4907.jpg,0.585895
4908.jpg,0.408801
4909.jpg,0.037136
4910.jpg,0.068656
4911.jpg,0.380439
4912.jpg,0.659670
4913.jpg,0.036018
4914.jpg,0.461582
4915.jpg,0.638833
4916.jpg,0.733856
4917.jpg,0.602658
4918.jpg,0.854110
4919.jpg,0.593563
4920.jpg,0.663748
4921.jpg,0.408597
4922.jpg,0.988192
4923.jpg,0.988152
4924.jpg,0.591082
4925.jpg,0.688637
4926.jpg,0.976649
4927.jpg,0.040429
4928.jpg,0.668589
4929.jpg,0.617023
4930.jpg,0.546184
4931.jpg,0.536820
4932.jpg,0.678811
4933.jpg,0.458909
4934.jpg,0.673340
4935.jpg,0.535294
4936.jpg,0.661899
4937.jpg,0.503796
4938.jpg,0.979056
4939.jpg,0.673676
4940.jpg,0.035538
4941.jpg,0.705269
4942.jpg,0.036155
4943.jpg,0.531913
4944.jpg,0.435834
4945.jpg,0.644663
4946.jpg,0.147803
4947.jpg,0.648263
4948.jpg,0.661888
4949.jpg,0.345018
4950.jpg,0.982840
4951.jpg,0.381685
4952.jpg,0.713623
4953.jpg,0.987343
4954.jpg,0.038852
4955.jpg,0.037921
4956.jpg,0.500599
4957.jpg,0.636755
4958.jpg,0.037978
4959.jpg,0.449509
4960.jpg,0.508647
4961.jpg,0.614379
4962.jpg,0.447909
4963.jpg,0.054283
4964.jpg,0.802154
4965.jpg,0.986940
4966.jpg,0.675858
4967.jpg,0.216956
4968.jpg,0.733755
4969.jpg,0.603889
4970.jpg,0.050229
4971.jpg,0.110450
4972.jpg,0.336402
4973.jpg,0.981351
4974.jpg,0.903543
4975.jpg,0.747618
4976.jpg,0.986006
4977.jpg,0.651016
4978.jpg,0.798680
4979.jpg,0.988691
4980.jpg,0.297724
4981.jpg,0.983339
4982.jpg,0.797577
4983.jpg,0.544511
4984.jpg,0.682740
4985.jpg,0.682784
4986.jpg,0.056991
4987.jpg,0.547435
4988.jpg,0.681923
4989.jpg,0.785802
4990.jpg,0.987798
4991.jpg,0.033310
4992.jpg,0.420376
4993.jpg,0.197993
4994.jpg,0.062405
4995.jpg,0.583030
4996.jpg,0.403970
4997.jpg,0.510295
4998.jpg,0.642677
4999.jpg,0.624347
5000.jpg,0.695566
