Id,Label
0001.jpg,0.16509217
0002.jpg,0.32525963
0003.jpg,0.40919217
0004.jpg,0.4076714
0005.jpg,0.5450371
0006.jpg,0.52843285
0007.jpg,0.12808181
0008.jpg,0.3381974
0009.jpg,0.24396603
0010.jpg,0.26709276
0011.jpg,0.3512592
0012.jpg,0.20593296
0013.jpg,0.34749112
0014.jpg,0.4658264
0015.jpg,0.38850343
0016.jpg,0.3830067
0017.jpg,0.6551765
0018.jpg,0.9727726
0019.jpg,0.4028383
0020.jpg,0.1658199
0021.jpg,0.38234845
0022.jpg,0.31868854
0023.jpg,0.26682898
0024.jpg,0.24517363
0025.jpg,0.3406823
0026.jpg,0.5586826
0027.jpg,0.23637214
0028.jpg,0.5690104
0029.jpg,0.19348884
0030.jpg,0.99994314
0031.jpg,0.1487791
0032.jpg,0.60573995
0033.jpg,0.24188465
0034.jpg,0.69435155
0035.jpg,0.43536124
0036.jpg,0.12823011
0037.jpg,0.37433916
0038.jpg,0.31170595
0039.jpg,0.43122005
0040.jpg,0.5784268
0041.jpg,0.9999604
0042.jpg,0.43863264
0043.jpg,0.4079666
0044.jpg,0.37697583
0045.jpg,0.43869022
0046.jpg,0.99997854
0047.jpg,0.19387598
0048.jpg,0.45220906
0049.jpg,0.49441612
0050.jpg,0.4192808
0051.jpg,0.2803643
0052.jpg,0.5442569
0053.jpg,0.3702344
0054.jpg,0.36421466
0055.jpg,0.5181855
0056.jpg,0.0564305
0057.jpg,0.52787465
0058.jpg,0.24026819
0059.jpg,0.39457095
0060.jpg,0.5197902
0061.jpg,0.26660943
0062.jpg,0.12897226
0063.jpg,0.5283665
0064.jpg,0.44578505
0065.jpg,0.38899404
0066.jpg,0.8943936
0067.jpg,0.16653976
0068.jpg,0.31136248
0069.jpg,0.40433738
0070.jpg,0.24534792
0071.jpg,0.30098936
0072.jpg,0.46632186
0073.jpg,0.39888388
0074.jpg,0.21744935
0075.jpg,0.9999862
0076.jpg,0.2996162
0077.jpg,0.99922717
0078.jpg,0.32313606
0079.jpg,0.39455163
0080.jpg,0.99994206
0081.jpg,0.48228484
0082.jpg,0.0990456
0083.jpg,0.99717003
0084.jpg,0.9956482
0085.jpg,0.9999999
0086.jpg,0.37020785
0087.jpg,0.41455922
0088.jpg,0.9843173
0089.jpg,0.3304775
0090.jpg,0.64093536
0091.jpg,0.40624467
0092.jpg,0.97653514
0093.jpg,0.26722986
0094.jpg,0.30694753
0095.jpg,0.14409481
0096.jpg,0.1456894
0097.jpg,0.5013176
0098.jpg,0.44765595
0099.jpg,0.9988589
0100.jpg,0.26260328
0101.jpg,0.4252628
0102.jpg,0.9999924
0103.jpg,0.39242262
0104.jpg,0.3483073
0105.jpg,0.42040768
0106.jpg,0.30965045
0107.jpg,0.37534508
0108.jpg,0.4446975
0109.jpg,0.54202133
0110.jpg,0.33625972
0111.jpg,0.46678478
0112.jpg,0.40436646
0113.jpg,0.9984086
0114.jpg,0.28283325
0115.jpg,0.48999244
0116.jpg,0.41019005
0117.jpg,0.42745292
0118.jpg,0.3646757
0119.jpg,0.4970059
0120.jpg,0.27968767
0121.jpg,0.45576093
0122.jpg,0.34632954
0123.jpg,0.5745367
0124.jpg,0.36692113
0125.jpg,0.16289745
0126.jpg,0.29684788
0127.jpg,0.4709779
0128.jpg,0.19202323
0129.jpg,0.9908997
0130.jpg,0.47528332
0131.jpg,0.57043403
0132.jpg,0.44962314
0133.jpg,0.41656056
0134.jpg,0.34579596
0135.jpg,0.17783412
0136.jpg,0.0892181
0137.jpg,0.39374614
0138.jpg,0.48313344
0139.jpg,0.41343558
0140.jpg,0.3753888
0141.jpg,0.4438197
0142.jpg,0.5211447
0143.jpg,0.42616484
0144.jpg,0.34710023
0145.jpg,0.42189482
0146.jpg,0.7532106
0147.jpg,0.40954226
0148.jpg,0.9999137
0149.jpg,0.38092318
0150.jpg,0.027179135
0151.jpg,0.3307678
0152.jpg,0.5067442
0153.jpg,0.66390383
0154.jpg,0.31362632
0155.jpg,0.561504
0156.jpg,0.28101844
0157.jpg,0.28654504
0158.jpg,0.5436882
0159.jpg,0.48905057
0160.jpg,0.41044673
0161.jpg,0.35206988
0162.jpg,0.14721772
0163.jpg,0.19007266
0164.jpg,0.7835235
0165.jpg,0.61843514
0166.jpg,0.43643486
0167.jpg,0.5071067
0168.jpg,0.38666376
0169.jpg,0.38048172
0170.jpg,0.44699696
0171.jpg,0.23573634
0172.jpg,0.32503408
0173.jpg,0.3668083
0174.jpg,0.40366876
0175.jpg,0.81390774
0176.jpg,0.6273012
0177.jpg,0.3284057
0178.jpg,0.49207056
0179.jpg,0.43572924
0180.jpg,0.43075153
0181.jpg,0.7532876
0182.jpg,0.18982437
0183.jpg,0.56439924
0184.jpg,0.1728351
0185.jpg,0.099770755
0186.jpg,0.4518277
0187.jpg,0.40214893
0188.jpg,0.21675299
0189.jpg,0.117902815
0190.jpg,0.33574286
0191.jpg,0.47939122
0192.jpg,0.42120874
0193.jpg,0.24561799
0194.jpg,0.28839132
0195.jpg,0.34299797
0196.jpg,0.9669644
0197.jpg,0.19663171
0198.jpg,0.055980906
0199.jpg,0.41294697
0200.jpg,0.3248894
0201.jpg,0.40207824
0202.jpg,0.20640738
0203.jpg,0.3734609
0204.jpg,0.30153203
0205.jpg,0.43818268
0206.jpg,0.41433
0207.jpg,0.96600103
0208.jpg,0.5911077
0209.jpg,0.33459887
0210.jpg,0.4104888
0211.jpg,0.24643485
0212.jpg,0.21303986
0213.jpg,0.09261168
0214.jpg,0.24536215
0215.jpg,0.34788918
0216.jpg,0.5229459
0217.jpg,0.44365162
0218.jpg,0.08285935
0219.jpg,0.28300005
0220.jpg,0.39180344
0221.jpg,0.12193223
0222.jpg,0.48104274
0223.jpg,0.19699815
0224.jpg,0.3796306
0225.jpg,0.20613278
0226.jpg,0.43007836
0227.jpg,0.5481862
0228.jpg,0.3410228
0229.jpg,0.34825975
0230.jpg,0.30537498
0231.jpg,0.09745591
0232.jpg,0.025919294
0233.jpg,0.33591446
0234.jpg,0.12391164
0235.jpg,0.38612026
0236.jpg,0.41238782
0237.jpg,0.38873228
0238.jpg,0.33899143
0239.jpg,0.32446304
0240.jpg,0.1501989
0241.jpg,0.5616561
0242.jpg,0.32757932
0243.jpg,0.45599124
0244.jpg,0.3860357
0245.jpg,0.31914255
0246.jpg,0.4270167
0247.jpg,0.5406737
0248.jpg,0.31345278
0249.jpg,0.9432847
0250.jpg,0.34112698
0251.jpg,0.43246597
0252.jpg,0.12388702
0253.jpg,0.18272752
0254.jpg,0.37904674
0255.jpg,0.4743654
0256.jpg,0.044629194
0257.jpg,0.37520063
0258.jpg,0.25334468
0259.jpg,0.82598364
0260.jpg,0.14942525
0261.jpg,0.43607014
0262.jpg,0.24594669
0263.jpg,0.4292601
0264.jpg,0.3636463
0265.jpg,0.16703522
0266.jpg,0.33832988
0267.jpg,0.07624442
0268.jpg,0.0046994095
0269.jpg,0.41127348
0270.jpg,0.9917252
0271.jpg,0.9950747
0272.jpg,0.4092741
0273.jpg,0.5776061
0274.jpg,0.46122256
0275.jpg,0.43398783
0276.jpg,0.39893
0277.jpg,0.67975724
0278.jpg,0.42266858
0279.jpg,0.40742046
0280.jpg,0.4922089
0281.jpg,0.76233417
0282.jpg,0.57655805
0283.jpg,0.47564456
0284.jpg,0.09914646
0285.jpg,0.46516618
0286.jpg,0.66220105
0287.jpg,0.088751495
0288.jpg,0.354286
0289.jpg,0.38798407
0290.jpg,0.2602879
0291.jpg,0.3208106
0292.jpg,0.41203102
0293.jpg,0.20389435
0294.jpg,0.31126466
0295.jpg,0.373543
0296.jpg,0.28371516
0297.jpg,0.3792406
0298.jpg,0.49355912
0299.jpg,0.41096115
0300.jpg,0.3161885
0301.jpg,0.4461756
0302.jpg,0.42815903
0303.jpg,0.24091433
0304.jpg,0.43637666
0305.jpg,0.32458267
0306.jpg,0.9999511
0307.jpg,0.3840205
0308.jpg,0.2324978
0309.jpg,0.15483023
0310.jpg,0.4257907
0311.jpg,0.41820455
0312.jpg,0.9923113
0313.jpg,0.479542
0314.jpg,0.04189417
0315.jpg,0.29966497
0316.jpg,0.39504507
0317.jpg,0.38605198
0318.jpg,0.1604305
0319.jpg,0.37566
0320.jpg,0.3544151
0321.jpg,0.6299694
0322.jpg,0.4571178
0323.jpg,0.7251846
0324.jpg,0.40037388
0325.jpg,0.4150002
0326.jpg,0.3435423
0327.jpg,0.9999019
0328.jpg,0.52740693
0329.jpg,0.41264588
0330.jpg,0.40732464
0331.jpg,0.4623505
0332.jpg,0.29158425
0333.jpg,0.33885437
0334.jpg,0.63701946
0335.jpg,0.43315518
0336.jpg,0.41443956
0337.jpg,0.4191401
0338.jpg,0.4298946
0339.jpg,0.25718188
0340.jpg,0.22558647
0341.jpg,0.3184413
0342.jpg,0.34651706
0343.jpg,0.3661143
0344.jpg,0.36103806
0345.jpg,0.4890954
0346.jpg,0.34557787
0347.jpg,0.5516601
0348.jpg,0.16851087
0349.jpg,0.47125465
0350.jpg,0.31020868
0351.jpg,0.4125758
0352.jpg,0.5817919
0353.jpg,0.26850063
0354.jpg,0.56372195
0355.jpg,0.33120686
0356.jpg,0.6143394
0357.jpg,0.18710475
0358.jpg,0.48671257
0359.jpg,0.53400004
0360.jpg,0.46725965
0361.jpg,0.49370867
0362.jpg,0.46832582
0363.jpg,0.19585392
0364.jpg,0.5223531
0365.jpg,0.29401514
0366.jpg,0.48884565
0367.jpg,0.37934673
0368.jpg,0.15080592
0369.jpg,0.43388927
0370.jpg,0.5146459
0371.jpg,0.43950477
0372.jpg,0.46698263
0373.jpg,0.4857216
0374.jpg,0.38817814
0375.jpg,0.3918146
0376.jpg,0.4436228
0377.jpg,0.28787082
0378.jpg,0.51129025
0379.jpg,0.6314907
0380.jpg,0.32600433
0381.jpg,0.99029106
0382.jpg,0.41134113
0383.jpg,0.15097527
0384.jpg,0.98430634
0385.jpg,0.32050928
0386.jpg,0.28296918
0387.jpg,0.549427
0388.jpg,0.787777
0389.jpg,0.35829857
0390.jpg,0.32347047
0391.jpg,0.45247844
0392.jpg,0.2754891
0393.jpg,0.104390934
0394.jpg,0.15278466
0395.jpg,0.6056879
0396.jpg,0.100667454
0397.jpg,0.047602817
0398.jpg,0.8785148
0399.jpg,0.4367448
0400.jpg,0.99980634
0401.jpg,0.5660026
0402.jpg,0.2943641
0403.jpg,0.35482568
0404.jpg,0.4422003
0405.jpg,0.486488
0406.jpg,0.4646176
0407.jpg,0.43764785
0408.jpg,0.42727938
0409.jpg,0.35524404
0410.jpg,0.4502583
0411.jpg,0.35599646
0412.jpg,0.70679486
0413.jpg,0.4652523
0414.jpg,0.48634586
0415.jpg,0.99987614
0416.jpg,0.309819
0417.jpg,0.113801144
0418.jpg,0.44242686
0419.jpg,0.5045611
0420.jpg,0.9999702
0421.jpg,0.4010797
0422.jpg,0.72130513
0423.jpg,0.17477284
0424.jpg,0.6151088
0425.jpg,0.4055404
0426.jpg,0.4532269
0427.jpg,0.49656004
0428.jpg,0.4368627
0429.jpg,0.3339387
0430.jpg,0.3901242
0431.jpg,0.66140366
0432.jpg,0.9930663
0433.jpg,0.3061948
0434.jpg,0.28055143
0435.jpg,0.9998754
0436.jpg,0.39394072
0437.jpg,0.4244003
0438.jpg,0.4645462
0439.jpg,0.15501542
0440.jpg,0.44472674
0441.jpg,0.3693571
0442.jpg,0.5424239
0443.jpg,0.29905623
0444.jpg,0.4150535
0445.jpg,0.4148683
0446.jpg,0.318713
0447.jpg,0.3944847
0448.jpg,0.5987268
0449.jpg,0.8198589
0450.jpg,0.54765517
0451.jpg,0.4334902
0452.jpg,0.32375914
0453.jpg,0.36548948
0454.jpg,0.45959178
0455.jpg,0.3804064
0456.jpg,0.3224984
0457.jpg,0.22224548
0458.jpg,0.3809719
0459.jpg,0.4300171
0460.jpg,0.41183785
0461.jpg,0.5607448
0462.jpg,0.5221128
0463.jpg,0.36503848
0464.jpg,0.3630832
0465.jpg,0.47502574
0466.jpg,0.34443396
0467.jpg,0.45926327
0468.jpg,0.99976057
0469.jpg,0.19261247
0470.jpg,0.99953985
0471.jpg,0.40530443
0472.jpg,0.53440344
0473.jpg,0.48197317
0474.jpg,0.49643242
0475.jpg,0.42513496
0476.jpg,0.291716
0477.jpg,0.36599204
0478.jpg,0.44636905
0479.jpg,0.46307248
0480.jpg,0.25842243
0481.jpg,0.32686237
0482.jpg,0.41714644
0483.jpg,0.52637386
0484.jpg,0.13586968
0485.jpg,0.41455063
0486.jpg,0.3890387
0487.jpg,0.3309245
0488.jpg,0.994136
0489.jpg,0.21629186
0490.jpg,0.40978533
0491.jpg,0.3575199
0492.jpg,0.41985574
0493.jpg,0.3413328
0494.jpg,0.3651149
0495.jpg,0.3651701
0496.jpg,0.46001166
0497.jpg,0.54040736
0498.jpg,0.26770854
0499.jpg,0.38645256
0500.jpg,0.9998859
0501.jpg,0.29827788
0502.jpg,0.21897782
0503.jpg,0.99457103
0504.jpg,0.37909856
0505.jpg,0.28513882
0506.jpg,0.99992466
0507.jpg,0.34821197
0508.jpg,0.9985378
0509.jpg,0.2855704
0510.jpg,0.5316092
0511.jpg,0.11056452
0512.jpg,0.32667163
0513.jpg,0.4330044
0514.jpg,0.4424107
0515.jpg,0.4176893
0516.jpg,0.5255155
0517.jpg,0.052592725
0518.jpg,0.31531742
0519.jpg,0.65181345
0520.jpg,0.4169687
0521.jpg,0.43895015
0522.jpg,0.44439876
0523.jpg,0.35790846
0524.jpg,0.32770565
0525.jpg,0.34310144
0526.jpg,0.44917879
0527.jpg,0.27158523
0528.jpg,0.13294974
0529.jpg,0.99998295
0530.jpg,0.37769064
0531.jpg,0.3667448
0532.jpg,0.3648454
0533.jpg,0.4335637
0534.jpg,0.3295319
0535.jpg,0.33358002
0536.jpg,0.39832896
0537.jpg,0.4576923
0538.jpg,0.47194037
0539.jpg,0.8085502
0540.jpg,0.694272
0541.jpg,0.9999696
0542.jpg,0.40588135
0543.jpg,0.9990482
0544.jpg,0.4266822
0545.jpg,0.41552883
0546.jpg,0.3456694
0547.jpg,0.08592985
0548.jpg,0.9163218
0549.jpg,0.8950433
0550.jpg,0.41934606
0551.jpg,0.42079353
0552.jpg,0.025345013
0553.jpg,0.6208123
0554.jpg,0.408071
0555.jpg,0.20257168
0556.jpg,0.32788065
0557.jpg,0.9999013
0558.jpg,0.3617471
0559.jpg,0.44929957
0560.jpg,0.54999906
0561.jpg,0.38603207
0562.jpg,0.2952457
0563.jpg,0.4377396
0564.jpg,0.45964572
0565.jpg,0.42482036
0566.jpg,0.9211347
0567.jpg,0.40574095
0568.jpg,0.38710818
0569.jpg,0.16544628
0570.jpg,0.23361145
0571.jpg,0.47395033
0572.jpg,0.39743325
0573.jpg,0.45292413
0574.jpg,0.43274763
0575.jpg,0.22015527
0576.jpg,0.46421322
0577.jpg,0.43945292
0578.jpg,0.2849564
0579.jpg,0.35992232
0580.jpg,0.43365514
0581.jpg,0.35991883
0582.jpg,0.41580486
0583.jpg,0.5598139
0584.jpg,0.9999975
0585.jpg,0.46840718
0586.jpg,0.14219211
0587.jpg,0.021743976
0588.jpg,0.68489015
0589.jpg,0.438746
0590.jpg,0.34900048
0591.jpg,0.2774242
0592.jpg,0.4161143
0593.jpg,0.38097236
0594.jpg,0.27489758
0595.jpg,0.9999633
0596.jpg,0.9999896
0597.jpg,0.99363834
0598.jpg,0.34994432
0599.jpg,0.33551747
0600.jpg,0.35208553
0601.jpg,0.34342936
0602.jpg,0.37640336
0603.jpg,0.30279
0604.jpg,0.045890965
0605.jpg,0.7267872
0606.jpg,0.40622556
0607.jpg,0.4828693
0608.jpg,0.3822726
0609.jpg,0.29608998
0610.jpg,0.5596491
0611.jpg,0.35429198
0612.jpg,0.99947757
0613.jpg,0.45506015
0614.jpg,0.27097452
0615.jpg,0.23461477
0616.jpg,0.8500576
0617.jpg,0.15589665
0618.jpg,0.35369372
0619.jpg,0.4388076
0620.jpg,0.2520062
0621.jpg,0.66052574
0622.jpg,0.30681613
0623.jpg,0.4646759
0624.jpg,0.3397403
0625.jpg,0.13840285
0626.jpg,0.3768938
0627.jpg,0.19605345
0628.jpg,0.9935865
0629.jpg,0.07820433
0630.jpg,0.9989569
0631.jpg,0.3072226
0632.jpg,0.48487157
0633.jpg,0.32828468
0634.jpg,0.4786728
0635.jpg,0.35656658
0636.jpg,0.43980977
0637.jpg,0.3336097
0638.jpg,0.079157494
0639.jpg,0.42972633
0640.jpg,0.5239185
0641.jpg,0.43079945
0642.jpg,0.29673013
0643.jpg,0.52765936
0644.jpg,0.28365484
0645.jpg,0.41516992
0646.jpg,0.56374484
0647.jpg,0.08502366
0648.jpg,0.34292087
0649.jpg,0.29392788
0650.jpg,0.43865123
0651.jpg,0.39064953
0652.jpg,0.414743
0653.jpg,0.40106675
0654.jpg,0.41234407
0655.jpg,0.34448454
0656.jpg,0.38092005
0657.jpg,0.48888582
0658.jpg,0.31621423
0659.jpg,0.45650908
0660.jpg,0.36660048
0661.jpg,0.17493382
0662.jpg,0.51097494
0663.jpg,0.36358795
0664.jpg,0.50165963
0665.jpg,0.42245862
0666.jpg,0.39437118
0667.jpg,0.30634716
0668.jpg,0.8829237
0669.jpg,0.25271598
0670.jpg,1.0
0671.jpg,0.30033997
0672.jpg,0.17947814
0673.jpg,0.3652901
0674.jpg,0.38791746
0675.jpg,0.4003153
0676.jpg,0.113823034
0677.jpg,0.24249618
0678.jpg,0.32411474
0679.jpg,0.5850355
0680.jpg,0.32262692
0681.jpg,0.4886883
0682.jpg,0.078073084
0683.jpg,0.44805494
0684.jpg,0.54863536
0685.jpg,0.040188354
0686.jpg,0.4466594
0687.jpg,0.2982962
0688.jpg,0.47206903
0689.jpg,0.9998796
0690.jpg,0.48124906
0691.jpg,0.99998546
0692.jpg,0.41410935
0693.jpg,0.33676726
0694.jpg,0.45513833
0695.jpg,0.28795028
0696.jpg,0.030216368
0697.jpg,0.43939114
0698.jpg,0.47848305
0699.jpg,0.9268355
0700.jpg,0.9999745
0701.jpg,0.4582379
0702.jpg,0.40493822
0703.jpg,0.017877374
0704.jpg,0.332141
0705.jpg,0.35999835
0706.jpg,0.46162862
0707.jpg,0.93632996
0708.jpg,0.4131303
0709.jpg,0.4012688
0710.jpg,0.99272
0711.jpg,0.28353754
0712.jpg,0.7012163
0713.jpg,0.6982858
0714.jpg,0.25277793
0715.jpg,0.3844639
0716.jpg,0.20971645
0717.jpg,0.34379807
0718.jpg,0.417277
0719.jpg,0.36252823
0720.jpg,0.39009216
0721.jpg,0.43174595
0722.jpg,0.44716772
0723.jpg,0.46652138
0724.jpg,0.30496842
0725.jpg,0.5010633
0726.jpg,0.047824234
0727.jpg,0.56688833
0728.jpg,0.46029857
0729.jpg,0.99984825
0730.jpg,0.46011588
0731.jpg,0.32855046
0732.jpg,0.8529297
0733.jpg,0.37686718
0734.jpg,0.4708648
0735.jpg,0.4890904
0736.jpg,0.39517882
0737.jpg,0.37061304
0738.jpg,0.3642426
0739.jpg,0.4642643
0740.jpg,0.18570624
0741.jpg,0.100779586
0742.jpg,0.2084544
0743.jpg,0.28764814
0744.jpg,0.13445075
0745.jpg,0.32058915
0746.jpg,0.34125957
0747.jpg,0.28712443
0748.jpg,0.38029492
0749.jpg,0.0684785
0750.jpg,0.88920593
0751.jpg,0.3131625
0752.jpg,0.4951083
0753.jpg,0.59792477
0754.jpg,0.4566509
0755.jpg,0.37009072
0756.jpg,0.49793398
0757.jpg,0.3662277
0758.jpg,0.42613643
0759.jpg,0.3210178
0760.jpg,0.31418884
0761.jpg,0.47249547
0762.jpg,0.3305765
0763.jpg,0.5442574
0764.jpg,0.18421039
0765.jpg,0.29360068
0766.jpg,0.19173712
0767.jpg,0.09594472
0768.jpg,0.44248143
0769.jpg,0.26979664
0770.jpg,0.31740305
0771.jpg,0.30754763
0772.jpg,0.3334047
0773.jpg,0.30714643
0774.jpg,0.52315056
0775.jpg,0.07374015
0776.jpg,0.3932318
0777.jpg,0.90951896
0778.jpg,0.38232434
0779.jpg,0.52993566
0780.jpg,0.30593884
0781.jpg,0.090803236
0782.jpg,0.5263522
0783.jpg,0.866675
0784.jpg,0.46527228
0785.jpg,0.6495545
0786.jpg,0.7436011
0787.jpg,0.38810137
0788.jpg,0.3174429
0789.jpg,0.17500873
0790.jpg,0.44559324
0791.jpg,0.42855975
0792.jpg,0.47736722
0793.jpg,0.32423657
0794.jpg,0.40562865
0795.jpg,0.8868858
0796.jpg,0.4801446
0797.jpg,0.5715052
0798.jpg,0.9717773
0799.jpg,0.68010694
0800.jpg,0.3691981
0801.jpg,0.6504035
0802.jpg,0.9997472
0803.jpg,0.35269102
0804.jpg,0.40799043
0805.jpg,0.37033856
0806.jpg,0.53653806
0807.jpg,0.25039175
0808.jpg,0.51433706
0809.jpg,0.4801261
0810.jpg,0.4804864
0811.jpg,0.16470066
0812.jpg,0.33568522
0813.jpg,0.35297608
0814.jpg,0.37175623
0815.jpg,0.6909631
0816.jpg,0.13279709
0817.jpg,0.43143654
0818.jpg,0.4456563
0819.jpg,0.65505284
0820.jpg,0.4202011
0821.jpg,0.49231082
0822.jpg,0.2786458
0823.jpg,0.50033516
0824.jpg,0.21007699
0825.jpg,0.6438241
0826.jpg,0.3425196
0827.jpg,0.39909598
0828.jpg,0.35695484
0829.jpg,0.07341523
0830.jpg,0.5565951
0831.jpg,0.45172125
0832.jpg,0.35903627
0833.jpg,0.9712105
0834.jpg,0.23320843
0835.jpg,0.22775857
0836.jpg,0.4287014
0837.jpg,0.9125282
0838.jpg,0.49116576
0839.jpg,0.4054925
0840.jpg,0.08517881
0841.jpg,0.92642254
0842.jpg,0.5059615
0843.jpg,0.37119406
0844.jpg,0.46260068
0845.jpg,0.60834813
0846.jpg,0.122095935
0847.jpg,0.9999647
0848.jpg,0.29703757
0849.jpg,0.3379634
0850.jpg,0.43208638
0851.jpg,0.39932746
0852.jpg,0.9998381
0853.jpg,0.5004919
0854.jpg,0.20287421
0855.jpg,0.093824826
0856.jpg,0.3997859
0857.jpg,0.22091827
0858.jpg,0.32792306
0859.jpg,0.48153403
0860.jpg,0.999974
0861.jpg,0.3234092
0862.jpg,0.46254322
0863.jpg,0.3193576
0864.jpg,0.46589753
0865.jpg,0.44537514
0866.jpg,0.18244988
0867.jpg,0.41420174
0868.jpg,0.5893647
0869.jpg,0.29331094
0870.jpg,0.3374896
0871.jpg,0.42930984
0872.jpg,0.48179936
0873.jpg,0.99719244
0874.jpg,0.18648605
0875.jpg,0.38936922
0876.jpg,0.4595984
0877.jpg,0.47601426
0878.jpg,0.4135618
0879.jpg,0.21760991
0880.jpg,0.4375658
0881.jpg,0.41026908
0882.jpg,0.4844952
0883.jpg,0.38128895
0884.jpg,0.28076977
0885.jpg,0.6714838
0886.jpg,0.41767547
0887.jpg,0.3547505
0888.jpg,0.3939546
0889.jpg,0.77027047
0890.jpg,0.34993288
0891.jpg,0.0250786
0892.jpg,0.2057623
0893.jpg,0.049715057
0894.jpg,0.33259854
0895.jpg,0.5976012
0896.jpg,0.47721845
0897.jpg,0.37676737
0898.jpg,0.35996923
0899.jpg,0.33387664
0900.jpg,0.99991715
0901.jpg,0.20424731
0902.jpg,0.44649956
0903.jpg,0.25401565
0904.jpg,0.35818732
0905.jpg,0.25187308
0906.jpg,0.8375945
0907.jpg,0.4584502
0908.jpg,0.0047507947
0909.jpg,0.21977694
0910.jpg,0.54585737
0911.jpg,0.15067062
0912.jpg,0.5411886
0913.jpg,0.2779347
0914.jpg,0.51831144
0915.jpg,0.46739557
0916.jpg,0.98604786
0917.jpg,0.30233708
0918.jpg,0.45489225
0919.jpg,0.1577309
0920.jpg,0.35202992
0921.jpg,0.42642692
0922.jpg,0.9999666
0923.jpg,0.4299395
0924.jpg,0.42509854
0925.jpg,0.4345651
0926.jpg,0.99998736
0927.jpg,0.4543006
0928.jpg,0.4624943
0929.jpg,0.24841404
0930.jpg,0.6613036
0931.jpg,0.29409704
0932.jpg,0.28218487
0933.jpg,0.7964926
0934.jpg,0.4247526
0935.jpg,0.4465921
0936.jpg,0.28005707
0937.jpg,0.37527332
0938.jpg,0.3320701
0939.jpg,0.6206238
0940.jpg,0.39283907
0941.jpg,0.4983801
0942.jpg,0.42755398
0943.jpg,0.41200516
0944.jpg,0.49969
0945.jpg,0.43819964
0946.jpg,0.37715
0947.jpg,0.9989102
0948.jpg,0.4970892
0949.jpg,0.21764776
0950.jpg,0.3081733
0951.jpg,0.14822814
0952.jpg,0.68819445
0953.jpg,0.44005027
0954.jpg,0.08546228
0955.jpg,0.30274746
0956.jpg,0.15715809
0957.jpg,0.4180396
0958.jpg,0.04541775
0959.jpg,0.26702064
0960.jpg,0.9872802
0961.jpg,0.47720498
0962.jpg,0.5185372
0963.jpg,0.3584549
0964.jpg,0.316838
0965.jpg,0.39025244
0966.jpg,0.34352493
0967.jpg,0.5530414
0968.jpg,0.4627126
0969.jpg,0.14152172
0970.jpg,0.88397247
0971.jpg,0.39195275
0972.jpg,0.4685808
0973.jpg,0.2502292
0974.jpg,0.7936181
0975.jpg,0.28394794
0976.jpg,0.58950603
0977.jpg,0.38775593
0978.jpg,0.36732015
0979.jpg,0.423682
0980.jpg,0.53304964
0981.jpg,0.99981505
0982.jpg,0.3593381
0983.jpg,0.33037525
0984.jpg,0.24343793
0985.jpg,0.33706087
0986.jpg,0.9652245
0987.jpg,0.27025428
0988.jpg,0.19207159
0989.jpg,0.99963856
0990.jpg,0.36645028
0991.jpg,0.47424462
0992.jpg,0.45427167
0993.jpg,0.35505095
0994.jpg,0.25429952
0995.jpg,0.544485
0996.jpg,0.3866666
0997.jpg,0.5915517
0998.jpg,0.35327706
0999.jpg,0.43293583
1000.jpg,0.5681413
1001.jpg,0.34746632
1002.jpg,0.9302407
1003.jpg,0.55735165
1004.jpg,0.3851261
1005.jpg,0.09200802
1006.jpg,0.12559932
1007.jpg,0.35950434
1008.jpg,0.3990174
1009.jpg,0.1798864
1010.jpg,0.38079292
1011.jpg,0.9591858
1012.jpg,0.073921844
1013.jpg,0.5616874
1014.jpg,0.41835046
1015.jpg,0.46281087
1016.jpg,0.39648497
1017.jpg,0.43261424
1018.jpg,0.25050482
1019.jpg,0.84852415
1020.jpg,0.31862628
1021.jpg,0.38769034
1022.jpg,0.28082654
1023.jpg,0.46629646
1024.jpg,0.37334427
1025.jpg,0.32445803
1026.jpg,0.9999888
1027.jpg,0.39063156
1028.jpg,0.44461
1029.jpg,0.8312461
1030.jpg,0.018902622
1031.jpg,0.35391578
1032.jpg,0.35422802
1033.jpg,0.50850034
1034.jpg,0.38983795
1035.jpg,0.18899187
1036.jpg,0.302157
1037.jpg,0.46940535
1038.jpg,0.45648795
1039.jpg,0.3216195
1040.jpg,0.39804813
1041.jpg,0.48169065
1042.jpg,0.21439023
1043.jpg,0.3822368
1044.jpg,0.4636133
1045.jpg,0.37872648
1046.jpg,0.4630832
1047.jpg,0.32905322
1048.jpg,0.4144603
1049.jpg,0.40332243
1050.jpg,0.9995384
1051.jpg,0.3088103
1052.jpg,0.33700493
1053.jpg,0.3285573
1054.jpg,0.34093714
1055.jpg,0.5010446
1056.jpg,0.35664892
1057.jpg,0.3330271
1058.jpg,0.2760442
1059.jpg,0.34860292
1060.jpg,0.1369299
1061.jpg,0.5500529
1062.jpg,0.458609
1063.jpg,0.21783061
1064.jpg,0.4211731
1065.jpg,0.53918725
1066.jpg,0.83293074
1067.jpg,0.30350453
1068.jpg,0.45604765
1069.jpg,0.5405159
1070.jpg,0.38367918
1071.jpg,0.23781516
1072.jpg,0.37682936
1073.jpg,0.48527253
1074.jpg,0.40882787
1075.jpg,0.28707367
1076.jpg,0.39218456
1077.jpg,0.32834727
1078.jpg,0.89894
1079.jpg,0.3414222
1080.jpg,0.43419576
1081.jpg,0.3668893
1082.jpg,0.35314828
1083.jpg,0.43974143
1084.jpg,0.22721821
1085.jpg,0.40235388
1086.jpg,0.21936733
1087.jpg,0.4169154
1088.jpg,0.9999858
1089.jpg,0.324543
1090.jpg,0.9999691
1091.jpg,0.49709928
1092.jpg,0.28685087
1093.jpg,0.5159204
1094.jpg,0.41155836
1095.jpg,0.3142019
1096.jpg,0.72236323
1097.jpg,0.44549444
1098.jpg,0.23336086
1099.jpg,0.30104634
1100.jpg,0.34163225
1101.jpg,0.37505323
1102.jpg,0.12116817
1103.jpg,0.2385394
1104.jpg,0.17722102
1105.jpg,0.9981457
1106.jpg,0.34921297
1107.jpg,0.40019116
1108.jpg,0.12018551
1109.jpg,0.47699437
1110.jpg,0.99998844
1111.jpg,0.41823393
1112.jpg,0.35108286
1113.jpg,0.443267
1114.jpg,0.9999294
1115.jpg,0.3072773
1116.jpg,0.18085521
1117.jpg,0.37900126
1118.jpg,0.36683428
1119.jpg,0.33695567
1120.jpg,0.99988675
1121.jpg,0.81685555
1122.jpg,0.22360533
1123.jpg,0.2071099
1124.jpg,0.43620083
1125.jpg,0.18985492
1126.jpg,0.39013502
1127.jpg,0.43682832
1128.jpg,0.3335294
1129.jpg,0.4282887
1130.jpg,0.3357714
1131.jpg,0.25682303
1132.jpg,0.3910797
1133.jpg,0.1291013
1134.jpg,0.3899632
1135.jpg,0.49277458
1136.jpg,0.2856527
1137.jpg,0.28886813
1138.jpg,0.4869853
1139.jpg,0.4380964
1140.jpg,0.047806077
1141.jpg,0.37891254
1142.jpg,0.35849163
1143.jpg,0.30943546
1144.jpg,0.42179117
1145.jpg,0.6089779
1146.jpg,0.2639288
1147.jpg,0.4010653
1148.jpg,0.32096168
1149.jpg,0.23191896
1150.jpg,0.32326382
1151.jpg,0.3354855
1152.jpg,0.36962876
1153.jpg,0.36781782
1154.jpg,0.42603523
1155.jpg,0.34313738
1156.jpg,0.51953954
1157.jpg,0.15669668
1158.jpg,0.34429017
1159.jpg,0.016328314
1160.jpg,0.4281222
1161.jpg,0.34961572
1162.jpg,0.12406132
1163.jpg,0.35522667
1164.jpg,0.52657807
1165.jpg,0.46736363
1166.jpg,0.43926838
1167.jpg,0.14773506
1168.jpg,0.751485
1169.jpg,0.39393264
1170.jpg,0.49218613
1171.jpg,0.37225127
1172.jpg,0.52946734
1173.jpg,0.55848306
1174.jpg,0.3200491
1175.jpg,0.584941
1176.jpg,0.9999747
1177.jpg,0.45972037
1178.jpg,0.9996735
1179.jpg,0.44429323
1180.jpg,0.40576804
1181.jpg,0.9999819
1182.jpg,0.46420276
1183.jpg,0.42794222
1184.jpg,0.29039526
1185.jpg,0.6567908
1186.jpg,0.16078459
1187.jpg,0.45804766
1188.jpg,0.1362122
1189.jpg,0.18321522
1190.jpg,0.28529218
1191.jpg,0.47639582
1192.jpg,0.19264561
1193.jpg,0.2214685
1194.jpg,0.5688308
1195.jpg,0.52784497
1196.jpg,0.5825471
1197.jpg,0.38608268
1198.jpg,0.2145918
1199.jpg,0.9414367
1200.jpg,0.34429798
1201.jpg,0.48638284
1202.jpg,0.6240137
1203.jpg,0.47586235
1204.jpg,0.48832357
1205.jpg,0.7189993
1206.jpg,0.80497915
1207.jpg,0.9996158
1208.jpg,0.9979982
1209.jpg,0.5699308
1210.jpg,0.48516116
1211.jpg,0.36443034
1212.jpg,0.31449854
1213.jpg,0.60153526
1214.jpg,0.9998995
1215.jpg,0.17458925
1216.jpg,0.4348519
1217.jpg,0.36843738
1218.jpg,0.28598502
1219.jpg,0.32330868
1220.jpg,0.4961482
1221.jpg,0.3936311
1222.jpg,0.37336686
1223.jpg,0.4084242
1224.jpg,0.4386403
1225.jpg,0.3528298
1226.jpg,0.5652379
1227.jpg,0.47074932
1228.jpg,0.39075404
1229.jpg,0.43579403
1230.jpg,0.34039026
1231.jpg,0.2719224
1232.jpg,0.9913311
1233.jpg,0.5242175
1234.jpg,0.4045262
1235.jpg,0.26003754
1236.jpg,0.357331
1237.jpg,0.95174056
1238.jpg,0.5245338
1239.jpg,0.081036426
1240.jpg,0.41983494
1241.jpg,0.665917
1242.jpg,0.41451705
1243.jpg,0.3773422
1244.jpg,0.3955776
1245.jpg,0.047655337
1246.jpg,0.99997246
1247.jpg,0.37509593
1248.jpg,0.58653677
1249.jpg,0.3092328
1250.jpg,0.38616762
1251.jpg,0.7196176
1252.jpg,0.22393797
1253.jpg,0.27404416
1254.jpg,0.35707957
1255.jpg,0.36535436
1256.jpg,0.56274474
1257.jpg,0.42941794
1258.jpg,0.4306178
1259.jpg,0.27057517
1260.jpg,0.9997032
1261.jpg,0.4510696
1262.jpg,0.5127837
1263.jpg,0.23767762
1264.jpg,0.4734738
1265.jpg,0.17398287
1266.jpg,0.38177404
1267.jpg,0.37885818
1268.jpg,0.26248947
1269.jpg,0.9997837
1270.jpg,0.36573344
1271.jpg,0.39174455
1272.jpg,0.9999378
1273.jpg,0.54130006
1274.jpg,0.99191135
1275.jpg,0.30376658
1276.jpg,0.5979796
1277.jpg,0.3957389
1278.jpg,0.40745676
1279.jpg,0.39382526
1280.jpg,0.3915903
1281.jpg,0.38545656
1282.jpg,0.37783602
1283.jpg,0.47196242
1284.jpg,0.2689023
1285.jpg,0.4471426
1286.jpg,0.41317615
1287.jpg,0.40477106
1288.jpg,0.2711384
1289.jpg,0.3780182
1290.jpg,0.3782024
1291.jpg,0.09365906
1292.jpg,0.05005353
1293.jpg,0.315995
1294.jpg,0.9998362
1295.jpg,0.45250058
1296.jpg,0.23548755
1297.jpg,0.8656591
1298.jpg,0.4576055
1299.jpg,0.05838008
1300.jpg,0.45244396
1301.jpg,0.45276305
1302.jpg,0.27702752
1303.jpg,0.43809217
1304.jpg,0.014128835
1305.jpg,0.12813492
1306.jpg,0.99999607
1307.jpg,0.4290181
1308.jpg,0.17503637
1309.jpg,0.22874281
1310.jpg,0.31346416
1311.jpg,0.23258682
1312.jpg,0.99994075
1313.jpg,0.41742256
1314.jpg,0.9363977
1315.jpg,0.5732742
1316.jpg,0.4154448
1317.jpg,0.30680043
1318.jpg,0.35550165
1319.jpg,0.25043112
1320.jpg,0.3607661
1321.jpg,0.4542493
1322.jpg,0.2936558
1323.jpg,0.24100485
1324.jpg,0.40697315
1325.jpg,0.2024523
1326.jpg,0.21994354
1327.jpg,0.22389252
1328.jpg,0.26896632
1329.jpg,0.6670174
1330.jpg,0.30343542
1331.jpg,0.16240391
1332.jpg,0.38093847
1333.jpg,0.30359468
1334.jpg,0.38629997
1335.jpg,0.28795773
1336.jpg,0.99994767
1337.jpg,0.50545657
1338.jpg,0.35771084
1339.jpg,0.14646442
1340.jpg,0.99997425
1341.jpg,0.34194195
1342.jpg,0.3843719
1343.jpg,0.39497858
1344.jpg,0.43729466
1345.jpg,0.3864435
1346.jpg,0.45802104
1347.jpg,0.9998288
1348.jpg,0.98233056
1349.jpg,0.2938016
1350.jpg,0.36484906
1351.jpg,0.5788724
1352.jpg,0.4128843
1353.jpg,0.36000445
1354.jpg,0.37896284
1355.jpg,0.19527294
1356.jpg,0.3425825
1357.jpg,0.12493489
1358.jpg,0.4735985
1359.jpg,0.29920658
1360.jpg,0.4940414
1361.jpg,0.44982344
1362.jpg,0.3440018
1363.jpg,0.31747618
1364.jpg,0.24996024
1365.jpg,0.47680637
1366.jpg,0.4086049
1367.jpg,0.36160657
1368.jpg,0.99994946
1369.jpg,0.99980265
1370.jpg,0.3196318
1371.jpg,0.43713918
1372.jpg,0.5218456
1373.jpg,0.35520303
1374.jpg,0.19206879
1375.jpg,0.28509706
1376.jpg,0.32366097
1377.jpg,0.3811231
1378.jpg,0.53910905
1379.jpg,0.42190564
1380.jpg,0.9999981
1381.jpg,0.36080858
1382.jpg,0.4988556
1383.jpg,0.24865179
1384.jpg,0.0058513475
1385.jpg,0.32165834
1386.jpg,0.11131751
1387.jpg,0.27822658
1388.jpg,0.12345651
1389.jpg,0.23203643
1390.jpg,0.56024325
1391.jpg,0.1354867
1392.jpg,0.13049811
1393.jpg,0.99541473
1394.jpg,0.3794774
1395.jpg,0.24702324
1396.jpg,0.23688707
1397.jpg,0.9999975
1398.jpg,0.35740954
1399.jpg,0.5006335
1400.jpg,0.45329866
1401.jpg,0.5518381
1402.jpg,0.35096622
1403.jpg,0.31066072
1404.jpg,0.3724834
1405.jpg,0.18733586
1406.jpg,0.39975578
1407.jpg,0.9996209
1408.jpg,0.2308608
1409.jpg,0.17950495
1410.jpg,0.49023265
1411.jpg,0.12048741
1412.jpg,0.33234033
1413.jpg,0.13387616
1414.jpg,0.2925747
1415.jpg,0.49163058
1416.jpg,0.47574738
1417.jpg,0.36680993
1418.jpg,0.23539725
1419.jpg,0.60941637
1420.jpg,0.39809844
1421.jpg,0.9225737
1422.jpg,0.24052931
1423.jpg,0.6816363
1424.jpg,0.25848526
1425.jpg,0.3682868
1426.jpg,0.8563524
1427.jpg,0.653071
1428.jpg,0.9998921
1429.jpg,0.41814122
1430.jpg,0.71240795
1431.jpg,0.9983621
1432.jpg,0.24668445
1433.jpg,0.8562385
1434.jpg,0.34218568
1435.jpg,0.45522016
1436.jpg,0.047148593
1437.jpg,0.26929462
1438.jpg,0.9996973
1439.jpg,0.4438461
1440.jpg,0.44146004
1441.jpg,0.4337387
1442.jpg,0.07696031
1443.jpg,0.56310374
1444.jpg,0.41827384
1445.jpg,0.40721607
1446.jpg,0.9704362
1447.jpg,0.35863134
1448.jpg,0.46775433
1449.jpg,0.15155141
1450.jpg,0.36630613
1451.jpg,0.42603916
1452.jpg,0.34630337
1453.jpg,0.4012497
1454.jpg,0.27305523
1455.jpg,0.42082137
1456.jpg,0.37512237
1457.jpg,0.34356138
1458.jpg,0.8143324
1459.jpg,0.32083562
1460.jpg,0.3462352
1461.jpg,0.9101432
1462.jpg,0.33826318
1463.jpg,0.35505635
1464.jpg,0.40523583
1465.jpg,0.2241436
1466.jpg,0.08812492
1467.jpg,0.8193988
1468.jpg,0.4214406
1469.jpg,0.09539894
1470.jpg,0.3616979
1471.jpg,0.99991584
1472.jpg,0.46833527
1473.jpg,0.45802885
1474.jpg,0.25203395
1475.jpg,0.33760676
1476.jpg,0.487965
1477.jpg,0.37117904
1478.jpg,0.14284478
1479.jpg,0.35436812
1480.jpg,0.88459444
1481.jpg,0.38449723
1482.jpg,0.052461945
1483.jpg,0.25146607
1484.jpg,0.5428195
1485.jpg,0.03587037
1486.jpg,0.66266745
1487.jpg,0.42387918
1488.jpg,0.17182133
1489.jpg,0.16524898
1490.jpg,0.29747343
1491.jpg,0.41440517
1492.jpg,0.99998546
1493.jpg,0.99981385
1494.jpg,0.2309242
1495.jpg,0.43552938
1496.jpg,0.16812572
1497.jpg,0.48884082
1498.jpg,0.4580991
1499.jpg,0.99981385
1500.jpg,0.20317464
1501.jpg,0.23986305
1502.jpg,0.55635375
1503.jpg,0.48662978
1504.jpg,0.47083852
1505.jpg,0.4334307
1506.jpg,0.2060318
1507.jpg,0.45551562
1508.jpg,0.8561586
1509.jpg,0.47409204
1510.jpg,0.5357748
1511.jpg,0.33335885
1512.jpg,0.46753785
1513.jpg,0.2531532
1514.jpg,0.3697886
1515.jpg,0.45217535
1516.jpg,0.7508549
1517.jpg,0.23849906
1518.jpg,0.44185525
1519.jpg,0.38465607
1520.jpg,0.37054223
1521.jpg,0.35524645
1522.jpg,0.28483042
1523.jpg,0.42023194
1524.jpg,0.028275708
1525.jpg,0.3229054
1526.jpg,0.45823202
1527.jpg,0.42550275
1528.jpg,0.5166601
1529.jpg,0.20229124
1530.jpg,0.35206527
1531.jpg,0.384057
1532.jpg,0.5082433
1533.jpg,0.28793165
1534.jpg,0.9974728
1535.jpg,0.35474715
1536.jpg,0.2910234
1537.jpg,0.23534687
1538.jpg,0.3499283
1539.jpg,0.5998421
1540.jpg,0.16798307
1541.jpg,0.2194421
1542.jpg,0.8100745
1543.jpg,0.47308645
1544.jpg,0.41949585
1545.jpg,0.45325264
1546.jpg,0.9997074
1547.jpg,0.30037972
1548.jpg,0.48491037
1549.jpg,0.46975917
1550.jpg,0.33730382
1551.jpg,0.34433445
1552.jpg,0.4324845
1553.jpg,0.6781636
1554.jpg,0.24155205
1555.jpg,0.18636087
1556.jpg,0.21671438
1557.jpg,0.33692625
1558.jpg,0.29656026
1559.jpg,0.99993193
1560.jpg,0.194596
1561.jpg,0.3081394
1562.jpg,0.4411469
1563.jpg,0.3128883
1564.jpg,0.38415226
1565.jpg,0.39576635
1566.jpg,0.99995756
1567.jpg,0.36829585
1568.jpg,0.31404766
1569.jpg,0.39608
1570.jpg,0.39907563
1571.jpg,0.29962638
1572.jpg,0.2245636
1573.jpg,0.9911855
1574.jpg,0.46060473
1575.jpg,0.2119675
1576.jpg,0.3778437
1577.jpg,0.5125176
1578.jpg,0.3382381
1579.jpg,0.89006114
1580.jpg,0.30002737
1581.jpg,0.22525467
1582.jpg,0.40832853
1583.jpg,0.4484918
1584.jpg,0.6078568
1585.jpg,0.54343873
1586.jpg,0.15259749
1587.jpg,0.29852518
1588.jpg,0.3630972
1589.jpg,0.9349717
1590.jpg,0.408714
1591.jpg,0.5512185
1592.jpg,0.36354592
1593.jpg,0.0898391
1594.jpg,0.9777273
1595.jpg,0.39856604
1596.jpg,0.45880464
1597.jpg,0.42180827
1598.jpg,0.43265867
1599.jpg,0.41288054
1600.jpg,0.45511043
1601.jpg,0.1643446
1602.jpg,0.36893973
1603.jpg,0.42881015
1604.jpg,0.42449677
1605.jpg,0.52370536
1606.jpg,0.15556565
1607.jpg,0.52603716
1608.jpg,0.22416952
1609.jpg,0.49854073
1610.jpg,0.5269065
1611.jpg,0.68048877
1612.jpg,0.40232697
1613.jpg,0.39048898
1614.jpg,0.13417646
1615.jpg,0.99835265
1616.jpg,0.37616605
1617.jpg,0.32553223
1618.jpg,0.38297215
1619.jpg,0.3914543
1620.jpg,0.3063242
1621.jpg,0.36341542
1622.jpg,0.50490546
1623.jpg,0.37412012
1624.jpg,0.5029906
1625.jpg,0.6153203
1626.jpg,0.40870395
1627.jpg,0.4665695
1628.jpg,0.40122706
1629.jpg,0.4788928
1630.jpg,0.49276137
1631.jpg,0.99994504
1632.jpg,0.4593005
1633.jpg,0.43884426
1634.jpg,0.48682454
1635.jpg,0.3600725
1636.jpg,0.16607013
1637.jpg,0.11276197
1638.jpg,0.37990487
1639.jpg,0.42157385
1640.jpg,0.43797025
1641.jpg,0.24365412
1642.jpg,0.44478303
1643.jpg,0.48328322
1644.jpg,0.51585156
1645.jpg,0.35391015
1646.jpg,0.29826698
1647.jpg,0.3909532
1648.jpg,0.4022064
1649.jpg,0.41175634
1650.jpg,0.22401485
1651.jpg,0.32128787
1652.jpg,0.2874208
1653.jpg,0.33902016
1654.jpg,0.34327272
1655.jpg,0.17678887
1656.jpg,0.3933119
1657.jpg,0.079307355
1658.jpg,0.5206649
1659.jpg,0.998178
1660.jpg,0.46202758
1661.jpg,0.99997723
1662.jpg,0.17323607
1663.jpg,0.050295386
1664.jpg,0.3939009
1665.jpg,0.99987805
1666.jpg,0.28041697
1667.jpg,0.31702468
1668.jpg,0.45803997
1669.jpg,0.5627675
1670.jpg,0.48538068
1671.jpg,0.42197755
1672.jpg,0.41868606
1673.jpg,0.22246401
1674.jpg,0.50475377
1675.jpg,0.5130843
1676.jpg,0.3527551
1677.jpg,0.09042084
1678.jpg,0.39924124
1679.jpg,0.32761338
1680.jpg,0.28945208
1681.jpg,0.19131611
1682.jpg,0.13132949
1683.jpg,0.9643907
1684.jpg,0.4293231
1685.jpg,0.29007974
1686.jpg,0.47515807
1687.jpg,0.44134912
1688.jpg,0.31825587
1689.jpg,0.43785137
1690.jpg,0.20536633
1691.jpg,0.3389793
1692.jpg,0.3200551
1693.jpg,0.9987104
1694.jpg,0.30697405
1695.jpg,0.3748559
1696.jpg,0.39691988
1697.jpg,0.45877624
1698.jpg,0.9986957
1699.jpg,0.45088586
1700.jpg,0.46838716
1701.jpg,0.37514958
1702.jpg,0.22819845
1703.jpg,0.32813802
1704.jpg,0.3364173
1705.jpg,0.38274264
1706.jpg,0.4171745
1707.jpg,0.43424493
1708.jpg,0.29719898
1709.jpg,0.3518995
1710.jpg,0.39954352
1711.jpg,0.3972254
1712.jpg,0.38266432
1713.jpg,0.4369979
1714.jpg,0.65835595
1715.jpg,0.5066986
1716.jpg,0.23366292
1717.jpg,0.9999453
1718.jpg,0.618407
1719.jpg,0.34406054
1720.jpg,0.14165103
1721.jpg,0.47172222
1722.jpg,0.39789557
1723.jpg,0.25319505
1724.jpg,0.5386589
1725.jpg,0.09015315
1726.jpg,0.0142317545
1727.jpg,0.5643508
1728.jpg,0.28938445
1729.jpg,0.4317345
1730.jpg,0.41065156
1731.jpg,0.38994002
1732.jpg,0.3281293
1733.jpg,0.17156792
1734.jpg,0.099280134
1735.jpg,0.992546
1736.jpg,0.99997044
1737.jpg,0.4639519
1738.jpg,0.42898375
1739.jpg,0.3045812
1740.jpg,0.42487982
1741.jpg,0.37684745
1742.jpg,0.44920486
1743.jpg,0.338677
1744.jpg,0.49597877
1745.jpg,0.37952545
1746.jpg,0.44266793
1747.jpg,0.4226778
1748.jpg,0.184228
1749.jpg,0.45924264
1750.jpg,0.44507056
1751.jpg,0.5304394
1752.jpg,0.37485114
1753.jpg,0.40991455
1754.jpg,0.2724828
1755.jpg,0.44943318
1756.jpg,0.47993624
1757.jpg,0.28352496
1758.jpg,0.490608
1759.jpg,0.49112204
1760.jpg,0.33759972
1761.jpg,0.2559665
1762.jpg,0.2794166
1763.jpg,0.4085039
1764.jpg,0.37345362
1765.jpg,0.4989191
1766.jpg,0.8976837
1767.jpg,0.34679192
1768.jpg,0.9798955
1769.jpg,0.39724272
1770.jpg,0.38236013
1771.jpg,0.4012031
1772.jpg,0.46486118
1773.jpg,0.28138232
1774.jpg,0.44080484
1775.jpg,0.38737985
1776.jpg,0.37890947
1777.jpg,0.18413334
1778.jpg,0.40708196
1779.jpg,0.2821078
1780.jpg,0.7886037
1781.jpg,0.35607547
1782.jpg,0.5021257
1783.jpg,0.36029285
1784.jpg,0.118281245
1785.jpg,0.3010238
1786.jpg,0.26707423
1787.jpg,0.4223568
1788.jpg,0.2847729
1789.jpg,0.35946602
1790.jpg,0.42734143
1791.jpg,0.27075264
1792.jpg,0.41439
1793.jpg,0.44941136
1794.jpg,0.39752495
1795.jpg,0.28028655
1796.jpg,0.344846
1797.jpg,0.12831108
1798.jpg,0.3378022
1799.jpg,0.36667457
1800.jpg,0.42748064
1801.jpg,0.36625502
1802.jpg,0.33915016
1803.jpg,0.47194716
1804.jpg,0.45012462
1805.jpg,0.4037266
1806.jpg,0.95043665
1807.jpg,0.25887206
1808.jpg,0.36155343
1809.jpg,0.4476496
1810.jpg,0.18425336
1811.jpg,0.36560303
1812.jpg,0.2949567
1813.jpg,0.2768203
1814.jpg,0.36631405
1815.jpg,0.2543966
1816.jpg,0.39993584
1817.jpg,0.49734685
1818.jpg,0.3269351
1819.jpg,0.99995446
1820.jpg,0.31810066
1821.jpg,0.37463138
1822.jpg,0.36996952
1823.jpg,0.99975044
1824.jpg,0.37780926
1825.jpg,0.9999689
1826.jpg,0.56912196
1827.jpg,0.28997606
1828.jpg,0.3924603
1829.jpg,0.9976599
1830.jpg,0.34033406
1831.jpg,0.35736746
1832.jpg,0.52353054
1833.jpg,0.37971118
1834.jpg,0.19836448
1835.jpg,0.34082335
1836.jpg,0.48195
1837.jpg,0.60794705
1838.jpg,0.46785113
1839.jpg,0.32462373
1840.jpg,0.044484604
1841.jpg,0.43953952
1842.jpg,0.35457915
1843.jpg,0.30589452
1844.jpg,0.43717772
1845.jpg,0.3707248
1846.jpg,0.3017292
1847.jpg,0.56082964
1848.jpg,0.9961861
1849.jpg,0.1212956
1850.jpg,0.4708862
1851.jpg,0.601712
1852.jpg,0.49884146
1853.jpg,0.3850121
1854.jpg,0.29338467
1855.jpg,0.2765744
1856.jpg,0.48377723
1857.jpg,0.19692683
1858.jpg,0.4957117
1859.jpg,0.48671454
1860.jpg,0.7142556
1861.jpg,0.32602367
1862.jpg,0.344685
1863.jpg,0.4108967
1864.jpg,0.4409587
1865.jpg,0.17413384
1866.jpg,0.5103455
1867.jpg,0.99992883
1868.jpg,0.4626772
1869.jpg,0.3679538
1870.jpg,0.41642407
1871.jpg,0.46184847
1872.jpg,0.3930144
1873.jpg,0.31446487
1874.jpg,0.26737815
1875.jpg,0.21392235
1876.jpg,0.47841227
1877.jpg,0.65558594
1878.jpg,0.9998598
1879.jpg,0.45193958
1880.jpg,0.9999243
1881.jpg,0.99903345
1882.jpg,0.50533277
1883.jpg,0.30700046
1884.jpg,0.3949889
1885.jpg,0.6918758
1886.jpg,0.35723063
1887.jpg,0.43070778
1888.jpg,0.38114545
1889.jpg,0.19542797
1890.jpg,0.16618572
1891.jpg,0.48496488
1892.jpg,0.18914285
1893.jpg,0.32090184
1894.jpg,0.3650505
1895.jpg,0.33363652
1896.jpg,0.99965346
1897.jpg,0.5025371
1898.jpg,0.77025074
1899.jpg,0.97300273
1900.jpg,0.1335445
1901.jpg,0.46294257
1902.jpg,0.06047129
1903.jpg,0.35558903
1904.jpg,0.62959886
1905.jpg,0.4831226
1906.jpg,0.4100533
1907.jpg,0.15698895
1908.jpg,0.44575486
1909.jpg,0.32367265
1910.jpg,0.10154712
1911.jpg,0.3727965
1912.jpg,0.056852728
1913.jpg,0.17518897
1914.jpg,0.04091229
1915.jpg,0.36415243
1916.jpg,0.3599889
1917.jpg,0.38326064
1918.jpg,0.50160635
1919.jpg,0.42237732
1920.jpg,0.3407072
1921.jpg,0.5032412
1922.jpg,0.4949349
1923.jpg,0.9641596
1924.jpg,0.5785344
1925.jpg,0.34578738
1926.jpg,0.2736622
1927.jpg,0.39389387
1928.jpg,0.30534413
1929.jpg,0.027814997
1930.jpg,0.19170198
1931.jpg,0.21801545
1932.jpg,0.3616727
1933.jpg,0.27158502
1934.jpg,0.3512291
1935.jpg,0.60543597
1936.jpg,0.42824358
1937.jpg,0.90462506
1938.jpg,0.67437863
1939.jpg,0.1336388
1940.jpg,0.33551297
1941.jpg,0.79347146
1942.jpg,0.40381753
1943.jpg,0.60337144
1944.jpg,0.4746632
1945.jpg,0.51048356
1946.jpg,0.34740242
1947.jpg,0.37339538
1948.jpg,0.42980936
1949.jpg,0.4406929
1950.jpg,0.99917454
1951.jpg,0.3095582
1952.jpg,0.52573127
1953.jpg,0.39615873
1954.jpg,0.3466405
1955.jpg,0.14637966
1956.jpg,0.5405984
1957.jpg,0.99871206
1958.jpg,0.3984993
1959.jpg,0.04766904
1960.jpg,0.6311386
1961.jpg,0.2304002
1962.jpg,0.39226815
1963.jpg,0.30779234
1964.jpg,0.23239824
1965.jpg,0.50764894
1966.jpg,0.44892484
1967.jpg,0.64886445
1968.jpg,0.33088169
1969.jpg,0.30571833
1970.jpg,0.16081323
1971.jpg,0.3677251
1972.jpg,0.323871
1973.jpg,0.566992
1974.jpg,0.4197387
1975.jpg,0.29311737
1976.jpg,0.16454144
1977.jpg,0.38315392
1978.jpg,0.0140250465
1979.jpg,0.41387382
1980.jpg,0.32296872
1981.jpg,0.50102586
1982.jpg,0.4643902
1983.jpg,0.44836986
1984.jpg,0.35637456
1985.jpg,0.40782294
1986.jpg,0.50682104
1987.jpg,0.48137453
1988.jpg,0.3132012
1989.jpg,0.45857605
1990.jpg,0.37709594
1991.jpg,0.23459885
1992.jpg,0.31852078
1993.jpg,0.39862782
1994.jpg,0.38750932
1995.jpg,0.9998878
1996.jpg,0.9999738
1997.jpg,0.40101993
1998.jpg,0.36244547
1999.jpg,0.28717694
2000.jpg,0.55773646
2001.jpg,0.43070632
2002.jpg,0.2602217
2003.jpg,0.40626198
2004.jpg,0.4379648
2005.jpg,0.10136802
2006.jpg,0.3981931
2007.jpg,0.99995315
2008.jpg,0.33444172
2009.jpg,0.36675417
2010.jpg,0.27196872
2011.jpg,0.28359753
2012.jpg,0.3483868
2013.jpg,0.13886544
2014.jpg,0.3483328
2015.jpg,0.99984765
2016.jpg,0.35362837
2017.jpg,0.4648442
2018.jpg,0.40984952
2019.jpg,0.4139732
2020.jpg,0.28744316
2021.jpg,0.19440092
2022.jpg,0.20352593
2023.jpg,0.36142588
2024.jpg,0.46902946
2025.jpg,0.38589406
2026.jpg,0.36267087
2027.jpg,0.5450098
2028.jpg,0.3946622
2029.jpg,0.44253293
2030.jpg,0.27745488
2031.jpg,0.38845596
2032.jpg,0.246336
2033.jpg,0.22089444
2034.jpg,0.9994506
2035.jpg,0.452758
2036.jpg,0.37396368
2037.jpg,0.474067
2038.jpg,0.43291304
2039.jpg,0.6495839
2040.jpg,0.3720609
2041.jpg,0.5238078
2042.jpg,0.2913724
2043.jpg,0.9069763
2044.jpg,0.35164148
2045.jpg,0.24501008
2046.jpg,0.43179587
2047.jpg,0.34974423
2048.jpg,0.4309094
2049.jpg,0.2793343
2050.jpg,0.35907295
2051.jpg,0.47507823
2052.jpg,0.36635917
2053.jpg,0.3997317
2054.jpg,0.5162877
2055.jpg,0.5199555
2056.jpg,0.45195884
2057.jpg,0.46361217
2058.jpg,0.18490632
2059.jpg,0.1645765
2060.jpg,0.4053897
2061.jpg,0.46902412
2062.jpg,0.281741
2063.jpg,0.06836883
2064.jpg,0.049945638
2065.jpg,0.27881542
2066.jpg,0.48587957
2067.jpg,0.1306582
2068.jpg,0.2244496
2069.jpg,0.3017868
2070.jpg,0.45446038
2071.jpg,0.9998573
2072.jpg,0.3825716
2073.jpg,0.25147387
2074.jpg,0.19904369
2075.jpg,0.14051205
2076.jpg,0.27007464
2077.jpg,0.31884488
2078.jpg,0.3536031
2079.jpg,0.7230666
2080.jpg,0.42888132
2081.jpg,0.7700181
2082.jpg,0.29015428
2083.jpg,0.10357101
2084.jpg,0.16026378
2085.jpg,0.080200635
2086.jpg,0.35266304
2087.jpg,0.5402978
2088.jpg,0.4911523
2089.jpg,0.49729827
2090.jpg,0.30217648
2091.jpg,0.083363205
2092.jpg,0.36494493
2093.jpg,0.13120091
2094.jpg,0.20612139
2095.jpg,0.23890004
2096.jpg,0.40004098
2097.jpg,0.37867886
2098.jpg,0.63350695
2099.jpg,0.31905532
2100.jpg,0.24374169
2101.jpg,0.5528781
2102.jpg,0.3496843
2103.jpg,0.5006418
2104.jpg,0.20593722
2105.jpg,0.36501604
2106.jpg,0.39080262
2107.jpg,0.4490025
2108.jpg,0.447699
2109.jpg,0.20854929
2110.jpg,0.35892835
2111.jpg,0.30663404
2112.jpg,0.3604802
2113.jpg,0.46814966
2114.jpg,0.14559846
2115.jpg,0.35247916
2116.jpg,0.5400987
2117.jpg,0.5839561
2118.jpg,0.40647787
2119.jpg,0.66108537
2120.jpg,0.42666346
2121.jpg,0.44617245
2122.jpg,0.43361557
2123.jpg,0.30569354
2124.jpg,0.2530232
2125.jpg,0.39924523
2126.jpg,0.40958312
2127.jpg,0.39602748
2128.jpg,0.34554374
2129.jpg,0.31081
2130.jpg,0.99989426
2131.jpg,0.38515708
2132.jpg,0.43918696
2133.jpg,0.37145883
2134.jpg,0.21755402
2135.jpg,0.4763561
2136.jpg,0.18837072
2137.jpg,0.2248804
2138.jpg,0.38031858
2139.jpg,0.39844844
2140.jpg,0.47999975
2141.jpg,0.39145967
2142.jpg,0.43530774
2143.jpg,0.21443865
2144.jpg,0.26961893
2145.jpg,0.44059417
2146.jpg,0.9657708
2147.jpg,0.24116313
2148.jpg,0.43795046
2149.jpg,0.22748111
2150.jpg,0.43075144
2151.jpg,0.4871144
2152.jpg,0.10986758
2153.jpg,0.3851794
2154.jpg,0.42496133
2155.jpg,0.2757218
2156.jpg,0.07967178
2157.jpg,0.17589544
2158.jpg,0.39280573
2159.jpg,0.19128302
2160.jpg,0.32993472
2161.jpg,0.94048375
2162.jpg,0.3164357
2163.jpg,0.4575536
2164.jpg,0.53323454
2165.jpg,0.34592974
2166.jpg,0.4543909
2167.jpg,0.45494464
2168.jpg,0.45261538
2169.jpg,0.4700719
2170.jpg,0.4201477
2171.jpg,0.41594896
2172.jpg,0.38315713
2173.jpg,0.5501897
2174.jpg,0.2757439
2175.jpg,0.8841179
2176.jpg,0.31974536
2177.jpg,0.23214573
2178.jpg,0.56660074
2179.jpg,0.25297174
2180.jpg,0.13001344
2181.jpg,0.44776988
2182.jpg,0.3526021
2183.jpg,0.3271291
2184.jpg,0.38857403
2185.jpg,0.25475505
2186.jpg,0.5217459
2187.jpg,0.9996486
2188.jpg,0.32214257
2189.jpg,0.23636702
2190.jpg,0.24971497
2191.jpg,0.32791626
2192.jpg,0.49383435
2193.jpg,0.24175571
2194.jpg,0.11783878
2195.jpg,0.23065744
2196.jpg,0.21432805
2197.jpg,0.33127454
2198.jpg,0.9999325
2199.jpg,0.37802705
2200.jpg,0.29219523
2201.jpg,0.39043427
2202.jpg,0.4520529
2203.jpg,0.3955774
2204.jpg,0.9999572
2205.jpg,0.14737332
2206.jpg,0.27594903
2207.jpg,0.39220876
2208.jpg,0.46162465
2209.jpg,0.34369096
2210.jpg,0.28464678
2211.jpg,0.4748003
2212.jpg,0.9997056
2213.jpg,0.5961138
2214.jpg,0.446712
2215.jpg,0.40017956
2216.jpg,0.28275368
2217.jpg,0.4298741
2218.jpg,0.28111744
2219.jpg,0.43163502
2220.jpg,0.19385073
2221.jpg,0.7666888
2222.jpg,0.6102994
2223.jpg,0.20917708
2224.jpg,0.25373477
2225.jpg,0.3655874
2226.jpg,0.0591531
2227.jpg,0.9995927
2228.jpg,0.40370706
2229.jpg,0.1775702
2230.jpg,0.45888826
2231.jpg,0.70508194
2232.jpg,0.47355664
2233.jpg,0.4538344
2234.jpg,0.54504937
2235.jpg,0.40051392
2236.jpg,0.2826345
2237.jpg,0.3524701
2238.jpg,0.36242574
2239.jpg,0.4632911
2240.jpg,0.5064077
2241.jpg,0.40848187
2242.jpg,0.9999291
2243.jpg,0.49104506
2244.jpg,0.3928359
2245.jpg,0.77834004
2246.jpg,0.34827104
2247.jpg,0.38711882
2248.jpg,0.46133852
2249.jpg,0.98654777
2250.jpg,0.33048514
2251.jpg,0.9999343
2252.jpg,0.99114746
2253.jpg,0.33124244
2254.jpg,0.015341539
2255.jpg,0.27359667
2256.jpg,0.99928457
2257.jpg,0.07249363
2258.jpg,0.8775489
2259.jpg,0.40998435
2260.jpg,0.28879637
2261.jpg,0.3754108
2262.jpg,0.9999956
2263.jpg,0.35333577
2264.jpg,0.4765665
2265.jpg,0.39235604
2266.jpg,0.40926117
2267.jpg,0.1616214
2268.jpg,0.9551946
2269.jpg,0.3879977
2270.jpg,0.61765826
2271.jpg,0.19413625
2272.jpg,0.4610687
2273.jpg,0.25714093
2274.jpg,0.45456955
2275.jpg,0.37906334
2276.jpg,0.45697308
2277.jpg,0.4848129
2278.jpg,0.6341122
2279.jpg,0.39039868
2280.jpg,0.4918736
2281.jpg,0.47540238
2282.jpg,0.8284517
2283.jpg,0.19523062
2284.jpg,0.32964393
2285.jpg,0.26941144
2286.jpg,0.99997663
2287.jpg,0.32007322
2288.jpg,0.32180148
2289.jpg,0.5271357
2290.jpg,0.99993217
2291.jpg,0.34552953
2292.jpg,0.33896783
2293.jpg,0.458715
2294.jpg,0.99833894
2295.jpg,0.62116873
2296.jpg,0.35740206
2297.jpg,0.3786276
2298.jpg,0.44045886
2299.jpg,0.4602007
2300.jpg,0.4123711
2301.jpg,0.36070532
2302.jpg,0.5509942
2303.jpg,0.42847857
2304.jpg,0.48022926
2305.jpg,0.708306
2306.jpg,0.9440643
2307.jpg,0.99810684
2308.jpg,0.41267088
2309.jpg,0.42240196
2310.jpg,0.28880405
2311.jpg,0.99996305
2312.jpg,0.1387631
2313.jpg,0.25284725
2314.jpg,0.3999829
2315.jpg,0.62275606
2316.jpg,0.360542
2317.jpg,0.99972063
2318.jpg,0.46213174
2319.jpg,0.11687108
2320.jpg,0.13437892
2321.jpg,0.039502915
2322.jpg,0.31783673
2323.jpg,0.36041462
2324.jpg,0.41623572
2325.jpg,0.1883639
2326.jpg,0.4113901
2327.jpg,0.46259394
2328.jpg,0.1764958
2329.jpg,0.33697444
2330.jpg,0.1999825
2331.jpg,0.36610705
2332.jpg,0.39924976
2333.jpg,0.97051954
2334.jpg,0.40590075
2335.jpg,0.32733056
2336.jpg,0.53820723
2337.jpg,0.20799032
2338.jpg,0.7150643
2339.jpg,0.30563927
2340.jpg,0.89193076
2341.jpg,0.5301962
2342.jpg,0.46010104
2343.jpg,0.42023337
2344.jpg,0.42147183
2345.jpg,0.38434738
2346.jpg,0.43385094
2347.jpg,0.32596466
2348.jpg,0.24231349
2349.jpg,0.37067315
2350.jpg,0.39608294
2351.jpg,0.4279336
2352.jpg,0.22978136
2353.jpg,0.39284685
2354.jpg,0.40110397
2355.jpg,0.46121144
2356.jpg,0.47939587
2357.jpg,0.102692194
2358.jpg,0.48277512
2359.jpg,0.9999964
2360.jpg,0.41032124
2361.jpg,0.8109921
2362.jpg,0.4751881
2363.jpg,0.26874945
2364.jpg,0.23185371
2365.jpg,0.99993944
2366.jpg,0.3313084
2367.jpg,0.34825006
2368.jpg,0.40124533
2369.jpg,0.29538468
2370.jpg,0.29917723
2371.jpg,0.39100993
2372.jpg,0.3807288
2373.jpg,0.49539635
2374.jpg,0.22001489
2375.jpg,0.3870059
2376.jpg,0.43022174
2377.jpg,0.47052863
2378.jpg,0.12416577
2379.jpg,0.85959494
2380.jpg,0.48398942
2381.jpg,0.30776674
2382.jpg,0.3781442
2383.jpg,0.35100386
2384.jpg,0.38812926
2385.jpg,0.45517206
2386.jpg,0.32931882
2387.jpg,0.36399865
2388.jpg,0.70182675
2389.jpg,0.3836353
2390.jpg,0.67936987
2391.jpg,0.4242974
2392.jpg,0.46925974
2393.jpg,0.23415169
2394.jpg,0.99992
2395.jpg,0.9999845
2396.jpg,0.27522695
2397.jpg,0.3933672
2398.jpg,0.3759964
2399.jpg,0.99995613
2400.jpg,0.42880028
2401.jpg,0.36044624
2402.jpg,0.14642689
2403.jpg,0.060914084
2404.jpg,0.99870324
2405.jpg,0.4896722
2406.jpg,0.60051394
2407.jpg,0.3009609
2408.jpg,0.42096663
2409.jpg,0.23570164
2410.jpg,0.20454298
2411.jpg,0.12759122
2412.jpg,0.43746153
2413.jpg,0.40706885
2414.jpg,0.2690752
2415.jpg,0.3497855
2416.jpg,0.3149463
2417.jpg,0.72653764
2418.jpg,0.9997687
2419.jpg,0.2342901
2420.jpg,0.49350014
2421.jpg,0.36092132
2422.jpg,0.560684
2423.jpg,0.39274737
2424.jpg,0.3868776
2425.jpg,0.35663489
2426.jpg,0.35361615
2427.jpg,0.5554641
2428.jpg,0.27903855
2429.jpg,0.017314881
2430.jpg,0.24032705
2431.jpg,0.4270232
2432.jpg,0.3892026
2433.jpg,0.9999455
2434.jpg,0.9412846
2435.jpg,0.34439963
2436.jpg,0.19286214
2437.jpg,0.9997588
2438.jpg,0.35255396
2439.jpg,0.43250012
2440.jpg,0.2812759
2441.jpg,0.7007656
2442.jpg,0.21305834
2443.jpg,0.58716935
2444.jpg,0.45510727
2445.jpg,0.4898217
2446.jpg,0.9978241
2447.jpg,0.4134333
2448.jpg,0.45435768
2449.jpg,0.39726326
2450.jpg,0.6437918
2451.jpg,0.33984536
2452.jpg,0.3966752
2453.jpg,0.44617525
2454.jpg,0.37919974
2455.jpg,0.4185325
2456.jpg,0.43054003
2457.jpg,0.20640817
2458.jpg,0.15309717
2459.jpg,0.2662146
2460.jpg,0.027254226
2461.jpg,0.25915608
2462.jpg,0.24765237
2463.jpg,0.48722604
2464.jpg,0.9999473
2465.jpg,0.1730136
2466.jpg,0.3273288
2467.jpg,0.43003237
2468.jpg,0.23863494
2469.jpg,0.3590388
2470.jpg,0.99426115
2471.jpg,0.513174
2472.jpg,0.14544778
2473.jpg,0.54455435
2474.jpg,0.4194551
2475.jpg,0.120662354
2476.jpg,0.32661614
2477.jpg,0.32824513
2478.jpg,0.10471246
2479.jpg,0.5950185
2480.jpg,0.46358985
2481.jpg,0.3774052
2482.jpg,0.40017357
2483.jpg,0.44183412
2484.jpg,0.5124407
2485.jpg,0.5333167
2486.jpg,0.50792915
2487.jpg,0.112266056
2488.jpg,0.40821803
2489.jpg,0.24069937
2490.jpg,0.10704452
2491.jpg,0.33562085
2492.jpg,0.42853642
2493.jpg,0.48753187
2494.jpg,0.48455307
2495.jpg,0.44870105
2496.jpg,0.24215144
2497.jpg,0.36618397
2498.jpg,0.43265787
2499.jpg,0.58443767
2500.jpg,0.5733058
2501.jpg,0.4134808
2502.jpg,0.6136405
2503.jpg,0.062138375
2504.jpg,0.23229998
2505.jpg,0.4777463
2506.jpg,0.5538438
2507.jpg,0.9999994
2508.jpg,0.32569572
2509.jpg,0.51892114
2510.jpg,0.34351435
2511.jpg,0.16561875
2512.jpg,0.24459971
2513.jpg,0.54419464
2514.jpg,0.4051265
2515.jpg,0.4497857
2516.jpg,0.20863107
2517.jpg,0.494142
2518.jpg,0.7883467
2519.jpg,0.93923634
2520.jpg,0.094190456
2521.jpg,0.3982053
2522.jpg,0.2685078
2523.jpg,0.34793493
2524.jpg,0.3798011
2525.jpg,0.41249588
2526.jpg,0.6893379
2527.jpg,0.57005805
2528.jpg,0.38515514
2529.jpg,0.4779349
2530.jpg,0.19609544
2531.jpg,0.12242571
2532.jpg,0.27481323
2533.jpg,0.37377644
2534.jpg,0.51824296
2535.jpg,0.47008118
2536.jpg,0.19077985
2537.jpg,0.99735117
2538.jpg,0.38741532
2539.jpg,0.4287071
2540.jpg,0.017351981
2541.jpg,0.30860785
2542.jpg,0.1181879
2543.jpg,0.35854745
2544.jpg,0.53534037
2545.jpg,0.32283518
2546.jpg,0.34820944
2547.jpg,0.37872392
2548.jpg,0.5714989
2549.jpg,0.32696864
2550.jpg,0.41767728
2551.jpg,0.4463507
2552.jpg,0.51895267
2553.jpg,0.4628528
2554.jpg,0.999974
2555.jpg,0.9388168
2556.jpg,0.40409952
2557.jpg,0.11025369
2558.jpg,0.37977305
2559.jpg,0.99990034
2560.jpg,0.6181749
2561.jpg,0.32413095
2562.jpg,0.34649938
2563.jpg,0.2542452
2564.jpg,0.33142987
2565.jpg,0.44984072
2566.jpg,0.2710893
2567.jpg,0.99962723
2568.jpg,0.35252136
2569.jpg,0.99944156
2570.jpg,0.16756761
2571.jpg,0.667362
2572.jpg,0.5457796
2573.jpg,0.50320286
2574.jpg,0.32308412
2575.jpg,0.99976176
2576.jpg,0.5860947
2577.jpg,0.43293425
2578.jpg,0.55881315
2579.jpg,0.43317452
2580.jpg,0.45352495
2581.jpg,0.9922156
2582.jpg,0.5927489
2583.jpg,0.3524813
2584.jpg,0.41446802
2585.jpg,0.46520293
2586.jpg,0.44238454
2587.jpg,0.5703117
2588.jpg,0.9998652
2589.jpg,0.3063753
2590.jpg,0.25342298
2591.jpg,0.45891646
2592.jpg,0.027528957
2593.jpg,0.34014547
2594.jpg,0.2416198
2595.jpg,0.41268235
2596.jpg,0.5040576
2597.jpg,0.4160476
2598.jpg,0.13709895
2599.jpg,0.26890966
2600.jpg,0.4506006
2601.jpg,0.17486168
2602.jpg,0.29608575
2603.jpg,0.94449055
2604.jpg,0.38140738
2605.jpg,0.3963312
2606.jpg,0.37408254
2607.jpg,0.43487936
2608.jpg,0.83481944
2609.jpg,0.15619503
2610.jpg,0.5459659
2611.jpg,0.37058237
2612.jpg,0.3078937
2613.jpg,0.99991965
2614.jpg,0.9998902
2615.jpg,0.4967682
2616.jpg,0.37385523
2617.jpg,0.43741325
2618.jpg,0.51917565
2619.jpg,0.2007707
2620.jpg,0.3380902
2621.jpg,0.49112388
2622.jpg,0.47636795
2623.jpg,0.22892028
2624.jpg,0.5209359
2625.jpg,0.9999794
2626.jpg,0.33993593
2627.jpg,0.11062149
2628.jpg,0.43506813
2629.jpg,0.09113454
2630.jpg,0.47648895
2631.jpg,0.29611585
2632.jpg,0.26457408
2633.jpg,0.29853353
2634.jpg,0.39064583
2635.jpg,0.13467936
2636.jpg,0.40255174
2637.jpg,0.5959341
2638.jpg,0.24113466
2639.jpg,0.38097632
2640.jpg,0.7331756
2641.jpg,0.12708572
2642.jpg,0.55946904
2643.jpg,0.46617797
2644.jpg,0.2049204
2645.jpg,0.5015486
2646.jpg,0.41779545
2647.jpg,0.43365672
2648.jpg,0.3300046
2649.jpg,0.99995613
2650.jpg,0.29420766
2651.jpg,0.5060447
2652.jpg,0.34505203
2653.jpg,0.40391716
2654.jpg,0.4141031
2655.jpg,0.44520038
2656.jpg,0.3911009
2657.jpg,0.99973613
2658.jpg,0.4622866
2659.jpg,0.44047385
2660.jpg,0.8076247
2661.jpg,0.3974221
2662.jpg,0.22110003
2663.jpg,0.5568133
2664.jpg,0.5489614
2665.jpg,0.009095544
2666.jpg,0.39448506
2667.jpg,0.6483732
2668.jpg,0.346951
2669.jpg,0.18320711
2670.jpg,0.30937725
2671.jpg,0.37077186
2672.jpg,0.3672276
2673.jpg,0.16744392
2674.jpg,0.07717268
2675.jpg,0.9998067
2676.jpg,0.45122188
2677.jpg,0.2886407
2678.jpg,0.2185879
2679.jpg,0.36844465
2680.jpg,0.3801476
2681.jpg,0.22931407
2682.jpg,0.34980518
2683.jpg,0.99777764
2684.jpg,0.5127106
2685.jpg,0.30433437
2686.jpg,0.49667233
2687.jpg,0.67050934
2688.jpg,0.5309621
2689.jpg,0.36570576
2690.jpg,0.42631158
2691.jpg,0.28074208
2692.jpg,0.18360464
2693.jpg,0.06888267
2694.jpg,0.49425364
2695.jpg,0.36163867
2696.jpg,0.33800626
2697.jpg,0.36713374
2698.jpg,0.35472283
2699.jpg,0.051392756
2700.jpg,0.9999052
2701.jpg,0.45731112
2702.jpg,0.3894665
2703.jpg,0.046807934
2704.jpg,0.047693558
2705.jpg,0.41664296
2706.jpg,0.35815912
2707.jpg,0.28021684
2708.jpg,0.4688151
2709.jpg,0.38080272
2710.jpg,0.40294737
2711.jpg,0.63347644
2712.jpg,0.49461442
2713.jpg,0.45581293
2714.jpg,0.4498134
2715.jpg,0.4182607
2716.jpg,0.35092252
2717.jpg,0.3999874
2718.jpg,0.4466807
2719.jpg,0.18422113
2720.jpg,0.37561017
2721.jpg,0.35032755
2722.jpg,0.5361935
2723.jpg,0.29236308
2724.jpg,0.37886098
2725.jpg,0.4247701
2726.jpg,0.51127577
2727.jpg,0.46205527
2728.jpg,0.43024203
2729.jpg,0.9993655
2730.jpg,0.20527542
2731.jpg,0.37026793
2732.jpg,0.20378086
2733.jpg,0.46653578
2734.jpg,0.60622203
2735.jpg,0.33238634
2736.jpg,0.47563905
2737.jpg,0.94103867
2738.jpg,0.99729425
2739.jpg,0.21485333
2740.jpg,0.09565175
2741.jpg,0.2171292
2742.jpg,0.41319454
2743.jpg,0.95038915
2744.jpg,0.30052543
2745.jpg,0.38711512
2746.jpg,0.35242814
2747.jpg,0.55450183
2748.jpg,0.11976863
2749.jpg,0.45277745
2750.jpg,0.50457895
2751.jpg,0.2924704
2752.jpg,0.059768666
2753.jpg,0.9999467
2754.jpg,0.32629398
2755.jpg,0.8312978
2756.jpg,0.32539475
2757.jpg,0.32041883
2758.jpg,0.49704996
2759.jpg,0.5048564
2760.jpg,0.3207813
2761.jpg,0.4070853
2762.jpg,0.6801502
2763.jpg,0.3705636
2764.jpg,0.32481864
2765.jpg,0.55402845
2766.jpg,0.18576528
2767.jpg,0.29826128
2768.jpg,0.30923545
2769.jpg,0.45683837
2770.jpg,0.2864923
2771.jpg,0.52822506
2772.jpg,0.99958724
2773.jpg,0.090456225
2774.jpg,0.20670845
2775.jpg,0.24569876
2776.jpg,0.6009313
2777.jpg,0.39553434
2778.jpg,0.02334686
2779.jpg,0.42884913
2780.jpg,0.5246202
2781.jpg,0.25669923
2782.jpg,0.41312227
2783.jpg,0.32457367
2784.jpg,0.26744112
2785.jpg,0.35693738
2786.jpg,0.26636186
2787.jpg,0.28331533
2788.jpg,0.24811211
2789.jpg,0.38767517
2790.jpg,0.3961161
2791.jpg,0.99997556
2792.jpg,0.5430731
2793.jpg,0.42376912
2794.jpg,0.28168792
2795.jpg,0.3006218
2796.jpg,0.5472913
2797.jpg,0.36251953
2798.jpg,0.47992176
2799.jpg,0.40579754
2800.jpg,0.4184115
2801.jpg,0.46527714
2802.jpg,0.6092102
2803.jpg,0.35033834
2804.jpg,0.30740836
2805.jpg,0.15821166
2806.jpg,0.052234035
2807.jpg,0.31549567
2808.jpg,0.44691324
2809.jpg,0.59258705
2810.jpg,0.3674036
2811.jpg,0.9999219
2812.jpg,0.29015398
2813.jpg,0.36275673
2814.jpg,0.46909672
2815.jpg,0.41951254
2816.jpg,0.10909196
2817.jpg,0.35841203
2818.jpg,0.2053443
2819.jpg,0.99861586
2820.jpg,0.9997795
2821.jpg,0.75762105
2822.jpg,0.4205829
2823.jpg,0.45004
2824.jpg,0.31657335
2825.jpg,0.36494067
2826.jpg,0.38699797
2827.jpg,0.18770638
2828.jpg,0.17682336
2829.jpg,0.310173
2830.jpg,0.4536889
2831.jpg,0.36484414
2832.jpg,0.48458257
2833.jpg,0.9974311
2834.jpg,0.38209274
2835.jpg,0.2391953
2836.jpg,0.4038719
2837.jpg,0.2090523
2838.jpg,0.36143777
2839.jpg,0.34098536
2840.jpg,0.36382833
2841.jpg,0.18811147
2842.jpg,0.9997398
2843.jpg,0.24024363
2844.jpg,0.28544077
2845.jpg,0.543347
2846.jpg,0.16607808
2847.jpg,0.030530656
2848.jpg,0.36096886
2849.jpg,0.3614493
2850.jpg,0.45078668
2851.jpg,0.4186412
2852.jpg,0.7045254
2853.jpg,0.17364004
2854.jpg,0.028273482
2855.jpg,0.37508494
2856.jpg,0.4081158
2857.jpg,0.34285614
2858.jpg,0.39654967
2859.jpg,0.38647708
2860.jpg,0.1812027
2861.jpg,0.19143632
2862.jpg,0.38696662
2863.jpg,0.39980072
2864.jpg,0.33972463
2865.jpg,0.40103078
2866.jpg,0.39965728
2867.jpg,0.043832365
2868.jpg,0.29786378
2869.jpg,0.26935774
2870.jpg,0.42103758
2871.jpg,0.262242
2872.jpg,0.42731443
2873.jpg,0.7927548
2874.jpg,0.39142138
2875.jpg,0.9853667
2876.jpg,0.2897254
2877.jpg,0.5470594
2878.jpg,0.40106735
2879.jpg,0.99993026
2880.jpg,0.4096104
2881.jpg,0.22693779
2882.jpg,0.3017225
2883.jpg,0.49638695
2884.jpg,0.36488685
2885.jpg,0.99988425
2886.jpg,0.9986701
2887.jpg,0.23798442
2888.jpg,0.45531702
2889.jpg,0.4077197
2890.jpg,0.52761626
2891.jpg,0.37962267
2892.jpg,0.08614617
2893.jpg,0.1990084
2894.jpg,0.8719536
2895.jpg,0.24939321
2896.jpg,0.3121129
2897.jpg,0.2822825
2898.jpg,0.9999609
2899.jpg,0.43553555
2900.jpg,0.68606997
2901.jpg,0.24072054
2902.jpg,0.46612546
2903.jpg,0.24699901
2904.jpg,0.2032958
2905.jpg,0.4835867
2906.jpg,0.16170573
2907.jpg,0.28906366
2908.jpg,0.10355723
2909.jpg,0.3769938
2910.jpg,0.25399286
2911.jpg,0.07712864
2912.jpg,0.40850884
2913.jpg,0.9999938
2914.jpg,0.2875916
2915.jpg,0.4089001
2916.jpg,0.1876865
2917.jpg,0.34099656
2918.jpg,0.53207994
2919.jpg,0.42651454
2920.jpg,0.45701364
2921.jpg,0.39066964
2922.jpg,0.35524574
2923.jpg,0.48610884
2924.jpg,0.43243927
2925.jpg,0.41430667
2926.jpg,0.031738367
2927.jpg,0.40584934
2928.jpg,0.49273336
2929.jpg,0.38082337
2930.jpg,0.17409086
2931.jpg,0.16133091
2932.jpg,0.28683868
2933.jpg,0.9955041
2934.jpg,0.23652433
2935.jpg,0.5114491
2936.jpg,0.92855203
2937.jpg,0.12412024
2938.jpg,0.34200248
2939.jpg,0.35406804
2940.jpg,0.37754503
2941.jpg,0.05326017
2942.jpg,0.37830952
2943.jpg,0.998979
2944.jpg,0.3633488
2945.jpg,0.444535
2946.jpg,0.2789901
2947.jpg,0.15356584
2948.jpg,0.4289728
2949.jpg,0.348063
2950.jpg,0.26543304
2951.jpg,0.34423983
2952.jpg,0.45706633
2953.jpg,0.15427583
2954.jpg,0.33328006
2955.jpg,0.43515098
2956.jpg,0.40876472
2957.jpg,0.49645993
2958.jpg,0.19958037
2959.jpg,0.462869
2960.jpg,0.38262835
2961.jpg,0.22499615
2962.jpg,0.28891337
2963.jpg,0.4293762
2964.jpg,0.38304415
2965.jpg,0.6341144
2966.jpg,0.9999051
2967.jpg,0.39206862
2968.jpg,0.25699446
2969.jpg,0.5744524
2970.jpg,0.103863366
2971.jpg,0.42847377
2972.jpg,0.17867683
2973.jpg,0.38109422
2974.jpg,0.46646085
2975.jpg,0.6058202
2976.jpg,0.2903674
2977.jpg,0.42864183
2978.jpg,0.33725497
2979.jpg,0.42899665
2980.jpg,0.30648506
2981.jpg,0.34870332
2982.jpg,0.33826283
2983.jpg,0.57343733
2984.jpg,0.99520063
2985.jpg,0.99991846
2986.jpg,0.96525496
2987.jpg,0.3297338
2988.jpg,0.5320488
2989.jpg,0.090513185
2990.jpg,0.9999018
2991.jpg,0.36578757
2992.jpg,0.30897024
2993.jpg,0.17735596
2994.jpg,0.99991417
2995.jpg,0.17889714
2996.jpg,0.44923696
2997.jpg,0.23491967
2998.jpg,0.6464049
2999.jpg,0.9999703
3000.jpg,0.78973633
3001.jpg,0.76163524
3002.jpg,0.34101018
3003.jpg,0.59413105
3004.jpg,0.13194147
3005.jpg,0.17954344
3006.jpg,0.99999213
3007.jpg,0.19229044
3008.jpg,0.9999596
3009.jpg,0.46743473
3010.jpg,0.39355344
3011.jpg,0.38500625
3012.jpg,0.6067009
3013.jpg,0.36511
3014.jpg,0.5308477
3015.jpg,0.36071378
3016.jpg,0.3792405
3017.jpg,0.9999566
3018.jpg,0.11286059
3019.jpg,0.4623398
3020.jpg,0.61803824
3021.jpg,0.37435713
3022.jpg,0.36958882
3023.jpg,0.42506373
3024.jpg,0.32113734
3025.jpg,0.4659879
3026.jpg,0.34175563
3027.jpg,0.29610777
3028.jpg,0.26051572
3029.jpg,0.06603563
3030.jpg,0.35448045
3031.jpg,0.39597604
3032.jpg,0.37191585
3033.jpg,0.26246032
3034.jpg,0.24390967
3035.jpg,0.42749068
3036.jpg,0.43523076
3037.jpg,0.009607691
3038.jpg,0.42783216
3039.jpg,0.3318837
3040.jpg,0.45475042
3041.jpg,0.24629602
3042.jpg,0.5534839
3043.jpg,0.4465464
3044.jpg,0.99793893
3045.jpg,0.9844354
3046.jpg,0.546657
3047.jpg,0.26760355
3048.jpg,0.40026307
3049.jpg,0.22991347
3050.jpg,0.35944563
3051.jpg,0.605994
3052.jpg,0.6157581
3053.jpg,0.50301266
3054.jpg,0.39223835
3055.jpg,0.22730125
3056.jpg,0.24456742
3057.jpg,0.9999466
3058.jpg,0.3109128
3059.jpg,0.37235072
3060.jpg,0.4940771
3061.jpg,0.3005078
3062.jpg,0.9999262
3063.jpg,0.24956433
3064.jpg,0.5453214
3065.jpg,0.5477623
3066.jpg,0.20688824
3067.jpg,0.37286547
3068.jpg,0.41601682
3069.jpg,0.4644646
3070.jpg,0.42705035
3071.jpg,0.3615543
3072.jpg,0.2335577
3073.jpg,0.42030203
3074.jpg,0.39876556
3075.jpg,0.32126662
3076.jpg,0.33800462
3077.jpg,0.43919477
3078.jpg,0.32792303
3079.jpg,0.9993766
3080.jpg,0.3246439
3081.jpg,0.98518384
3082.jpg,0.41202483
3083.jpg,0.36250708
3084.jpg,0.33019003
3085.jpg,0.3379528
3086.jpg,0.40951538
3087.jpg,0.50896436
3088.jpg,0.3270961
3089.jpg,0.22391997
3090.jpg,0.357789
3091.jpg,0.42066678
3092.jpg,0.43334383
3093.jpg,0.27860835
3094.jpg,0.31807917
3095.jpg,0.26286384
3096.jpg,0.12706228
3097.jpg,0.44329444
3098.jpg,0.024647865
3099.jpg,0.5021446
3100.jpg,0.32652122
3101.jpg,0.40849483
3102.jpg,0.43036935
3103.jpg,0.5884372
3104.jpg,0.23687936
3105.jpg,0.51130563
3106.jpg,0.45204452
3107.jpg,0.53168684
3108.jpg,0.34162554
3109.jpg,0.25702423
3110.jpg,0.54466
3111.jpg,0.2321346
3112.jpg,0.28206256
3113.jpg,0.45685825
3114.jpg,0.46766672
3115.jpg,0.27513
3116.jpg,0.45337898
3117.jpg,0.55595285
3118.jpg,0.56538516
3119.jpg,0.9998155
3120.jpg,0.1470753
3121.jpg,0.014532791
3122.jpg,0.9999362
3123.jpg,0.3564788
3124.jpg,0.58866864
3125.jpg,0.38229048
3126.jpg,0.3506758
3127.jpg,0.47897133
3128.jpg,0.9997813
3129.jpg,0.44253522
3130.jpg,0.69932294
3131.jpg,0.19653988
3132.jpg,0.27692783
3133.jpg,0.9999088
3134.jpg,0.40809992
3135.jpg,0.25870928
3136.jpg,0.38842395
3137.jpg,0.41261208
3138.jpg,0.31727952
3139.jpg,0.40141892
3140.jpg,0.43730032
3141.jpg,0.4424083
3142.jpg,0.4445753
3143.jpg,0.46257287
3144.jpg,0.2611183
3145.jpg,0.2958564
3146.jpg,0.90928036
3147.jpg,0.3929893
3148.jpg,0.47479856
3149.jpg,0.9997665
3150.jpg,0.42715898
3151.jpg,0.22108074
3152.jpg,0.26611936
3153.jpg,0.45206887
3154.jpg,0.38893443
3155.jpg,0.39038715
3156.jpg,0.39338607
3157.jpg,0.42287105
3158.jpg,0.13957502
3159.jpg,0.34432375
3160.jpg,0.42520598
3161.jpg,0.9999745
3162.jpg,0.19266206
3163.jpg,0.33964032
3164.jpg,0.46243694
3165.jpg,0.42697495
3166.jpg,0.39813632
3167.jpg,0.48237818
3168.jpg,0.14134099
3169.jpg,0.4809472
3170.jpg,0.27311707
3171.jpg,0.014599259
3172.jpg,0.6061148
3173.jpg,0.9999138
3174.jpg,0.38646173
3175.jpg,0.48015833
3176.jpg,1.0
3177.jpg,0.9127348
3178.jpg,0.99962294
3179.jpg,0.4502412
3180.jpg,0.47896996
3181.jpg,0.26925507
3182.jpg,0.11419407
3183.jpg,0.43085825
3184.jpg,0.3474476
3185.jpg,0.5371186
3186.jpg,0.45918897
3187.jpg,0.41350478
3188.jpg,0.26843005
3189.jpg,0.5221408
3190.jpg,0.42893323
3191.jpg,0.3732274
3192.jpg,0.2191869
3193.jpg,0.32050425
3194.jpg,0.38162476
3195.jpg,0.34694842
3196.jpg,0.99991894
3197.jpg,0.9999211
3198.jpg,0.4707431
3199.jpg,0.47607833
3200.jpg,0.99991393
3201.jpg,0.41522107
3202.jpg,0.522476
3203.jpg,0.38357946
3204.jpg,0.46014565
3205.jpg,0.36355945
3206.jpg,0.44111288
3207.jpg,0.39776886
3208.jpg,0.39737263
3209.jpg,0.524315
3210.jpg,0.10423961
3211.jpg,0.9994361
3212.jpg,0.46206862
3213.jpg,0.5916103
3214.jpg,0.1991798
3215.jpg,0.41884917
3216.jpg,0.43057007
3217.jpg,0.36755842
3218.jpg,0.31498682
3219.jpg,0.31811053
3220.jpg,0.26383254
3221.jpg,0.44685128
3222.jpg,0.33837062
3223.jpg,0.3767106
3224.jpg,0.77064764
3225.jpg,0.3797377
3226.jpg,0.17973903
3227.jpg,0.36025265
3228.jpg,0.42503688
3229.jpg,0.41918454
3230.jpg,0.30506915
3231.jpg,0.40135798
3232.jpg,0.20060234
3233.jpg,0.29757994
3234.jpg,0.32257155
3235.jpg,0.9997842
3236.jpg,0.45106688
3237.jpg,0.2701682
3238.jpg,0.37990716
3239.jpg,0.38638633
3240.jpg,0.4023269
3241.jpg,0.13920319
3242.jpg,0.3773631
3243.jpg,0.1651558
3244.jpg,0.26922214
3245.jpg,0.37872782
3246.jpg,0.28462103
3247.jpg,0.4839994
3248.jpg,0.42704543
3249.jpg,0.34500188
3250.jpg,0.42086765
3251.jpg,0.38768443
3252.jpg,0.31212467
3253.jpg,0.27609378
3254.jpg,0.43260205
3255.jpg,0.5828883
3256.jpg,0.5147809
3257.jpg,0.52332425
3258.jpg,0.49168867
3259.jpg,0.7119846
3260.jpg,0.34392393
3261.jpg,0.99959344
3262.jpg,0.58370095
3263.jpg,0.38739485
3264.jpg,0.4068907
3265.jpg,0.40927026
3266.jpg,0.44965833
3267.jpg,0.48660913
3268.jpg,0.46966556
3269.jpg,0.5042216
3270.jpg,0.31585905
3271.jpg,0.19475602
3272.jpg,0.4243143
3273.jpg,0.19237763
3274.jpg,0.08321719
3275.jpg,0.2743568
3276.jpg,0.4249049
3277.jpg,0.36498323
3278.jpg,0.18939888
3279.jpg,0.41059265
3280.jpg,0.28458145
3281.jpg,0.9991423
3282.jpg,0.49572226
3283.jpg,0.2757134
3284.jpg,0.2020241
3285.jpg,0.4056242
3286.jpg,0.44214618
3287.jpg,0.27999923
3288.jpg,0.41713956
3289.jpg,0.24859537
3290.jpg,0.32155398
3291.jpg,0.3897324
3292.jpg,0.49369925
3293.jpg,0.4903937
3294.jpg,0.21412297
3295.jpg,0.50988317
3296.jpg,0.3216591
3297.jpg,0.43521973
3298.jpg,0.982521
3299.jpg,0.2536716
3300.jpg,0.37304205
3301.jpg,0.39876935
3302.jpg,0.36663473
3303.jpg,0.3124045
3304.jpg,0.99950933
3305.jpg,0.43144578
3306.jpg,0.99999595
3307.jpg,0.4530992
3308.jpg,0.34514436
3309.jpg,0.46393067
3310.jpg,0.14348793
3311.jpg,0.62343615
3312.jpg,0.37223548
3313.jpg,0.48794535
3314.jpg,0.4454963
3315.jpg,0.28685126
3316.jpg,0.99452657
3317.jpg,0.34956145
3318.jpg,0.40809047
3319.jpg,0.4699891
3320.jpg,0.40358904
3321.jpg,0.39456227
3322.jpg,0.12826882
3323.jpg,0.600278
3324.jpg,0.6214056
3325.jpg,0.43169343
3326.jpg,0.22958304
3327.jpg,0.46910253
3328.jpg,0.10325361
3329.jpg,0.46937448
3330.jpg,0.3634631
3331.jpg,0.19233543
3332.jpg,0.3612576
3333.jpg,0.31553355
3334.jpg,0.2521966
3335.jpg,0.49469894
3336.jpg,0.4641558
3337.jpg,0.012560667
3338.jpg,0.51984316
3339.jpg,0.47462958
3340.jpg,0.85351133
3341.jpg,0.42179736
3342.jpg,0.99996364
3343.jpg,0.46236628
3344.jpg,0.13666382
3345.jpg,0.26534197
3346.jpg,0.38695163
3347.jpg,0.5038143
3348.jpg,0.7990264
3349.jpg,0.30800885
3350.jpg,0.5247971
3351.jpg,0.2782623
3352.jpg,0.4024686
3353.jpg,0.999841
3354.jpg,0.28563318
3355.jpg,0.42975563
3356.jpg,0.3665624
3357.jpg,0.43148986
3358.jpg,0.13633329
3359.jpg,0.3832502
3360.jpg,0.47714522
3361.jpg,0.39385796
3362.jpg,0.4036208
3363.jpg,0.4668838
3364.jpg,0.44435325
3365.jpg,0.5078806
3366.jpg,0.42285678
3367.jpg,0.99996364
3368.jpg,0.35523227
3369.jpg,0.22464925
3370.jpg,0.38405976
3371.jpg,0.45419347
3372.jpg,0.10332101
3373.jpg,0.3949776
3374.jpg,0.99417734
3375.jpg,0.34207612
3376.jpg,0.31430227
3377.jpg,0.36498982
3378.jpg,0.18861328
3379.jpg,0.41599345
3380.jpg,0.404367
3381.jpg,0.37545955
3382.jpg,0.3922424
3383.jpg,0.8883144
3384.jpg,0.5077819
3385.jpg,0.2153775
3386.jpg,0.29101312
3387.jpg,0.1545247
3388.jpg,0.9998147
3389.jpg,0.045985937
3390.jpg,0.28417015
3391.jpg,0.25515163
3392.jpg,0.4716589
3393.jpg,0.56453943
3394.jpg,0.17584601
3395.jpg,0.99998283
3396.jpg,0.39789894
3397.jpg,0.44894752
3398.jpg,0.48703358
3399.jpg,0.35920224
3400.jpg,0.35256052
3401.jpg,0.40141028
3402.jpg,0.13120328
3403.jpg,0.20433018
3404.jpg,0.40153825
3405.jpg,0.27811974
3406.jpg,0.40285578
3407.jpg,0.9999521
3408.jpg,0.39535114
3409.jpg,0.43264565
3410.jpg,0.38456467
3411.jpg,0.9998404
3412.jpg,0.9999933
3413.jpg,0.17785534
3414.jpg,0.6562576
3415.jpg,0.3119706
3416.jpg,0.44765523
3417.jpg,0.5197821
3418.jpg,0.7189328
3419.jpg,0.42346898
3420.jpg,0.40118897
3421.jpg,0.09097577
3422.jpg,0.40870348
3423.jpg,0.2942696
3424.jpg,0.017193967
3425.jpg,0.25011197
3426.jpg,0.49271622
3427.jpg,0.9996222
3428.jpg,0.1098802
3429.jpg,0.99986136
3430.jpg,0.46190095
3431.jpg,0.3769247
3432.jpg,0.8127277
3433.jpg,0.4135712
3434.jpg,0.38147116
3435.jpg,0.21656829
3436.jpg,0.42357603
3437.jpg,0.23174599
3438.jpg,0.40820572
3439.jpg,0.36008796
3440.jpg,0.4414891
3441.jpg,0.22881693
3442.jpg,0.38463542
3443.jpg,0.41592944
3444.jpg,0.99995875
3445.jpg,0.99991095
3446.jpg,0.2849685
3447.jpg,0.23176633
3448.jpg,0.318514
3449.jpg,0.11572808
3450.jpg,0.10623175
3451.jpg,0.35014322
3452.jpg,0.50197124
3453.jpg,0.9998975
3454.jpg,0.52628756
3455.jpg,0.3618278
3456.jpg,0.9999635
3457.jpg,0.60012025
3458.jpg,0.4084219
3459.jpg,0.13852674
3460.jpg,0.99815303
3461.jpg,0.29457882
3462.jpg,0.4017617
3463.jpg,0.44867352
3464.jpg,0.9199764
3465.jpg,0.45372492
3466.jpg,0.33763853
3467.jpg,0.4522785
3468.jpg,0.29695255
3469.jpg,0.99988115
3470.jpg,0.3144815
3471.jpg,0.53241885
3472.jpg,0.30402625
3473.jpg,0.6914161
3474.jpg,0.4043066
3475.jpg,0.50395334
3476.jpg,0.99994123
3477.jpg,0.4663091
3478.jpg,0.711206
3479.jpg,0.72101617
3480.jpg,0.23620492
3481.jpg,0.9983594
3482.jpg,0.48282236
3483.jpg,0.430635
3484.jpg,0.17092957
3485.jpg,0.30768043
3486.jpg,0.40945745
3487.jpg,0.33365685
3488.jpg,0.32510826
3489.jpg,0.39256367
3490.jpg,0.31155434
3491.jpg,0.3202623
3492.jpg,0.3854205
3493.jpg,0.45799026
3494.jpg,0.45132685
3495.jpg,0.4783512
3496.jpg,0.50914073
3497.jpg,0.3429137
3498.jpg,0.3090072
3499.jpg,0.99914575
3500.jpg,0.21329735
3501.jpg,0.43332645
3502.jpg,0.2876762
3503.jpg,0.27900705
3504.jpg,0.4330753
3505.jpg,0.44101733
3506.jpg,0.1936956
3507.jpg,0.38759327
3508.jpg,0.38008472
3509.jpg,0.17325577
3510.jpg,0.4092123
3511.jpg,0.44799027
3512.jpg,0.26877117
3513.jpg,0.42294294
3514.jpg,0.4019484
3515.jpg,0.3645286
3516.jpg,0.5571202
3517.jpg,0.3547931
3518.jpg,0.37735394
3519.jpg,0.48953506
3520.jpg,0.47527254
3521.jpg,0.42826384
3522.jpg,0.49659535
3523.jpg,0.4126326
3524.jpg,0.06613036
3525.jpg,0.42598727
3526.jpg,0.40352124
3527.jpg,0.99922526
3528.jpg,0.4142081
3529.jpg,0.5453017
3530.jpg,0.18930636
3531.jpg,0.66450244
3532.jpg,0.29429632
3533.jpg,0.26305637
3534.jpg,0.42283225
3535.jpg,0.49679247
3536.jpg,0.45865002
3537.jpg,0.25233725
3538.jpg,0.29581776
3539.jpg,0.45917547
3540.jpg,0.51762456
3541.jpg,0.29142204
3542.jpg,0.9999919
3543.jpg,0.3116748
3544.jpg,0.19852737
3545.jpg,0.4150751
3546.jpg,0.35041884
3547.jpg,0.44298983
3548.jpg,0.39595735
3549.jpg,0.9977991
3550.jpg,0.1507081
3551.jpg,0.13437311
3552.jpg,0.37919083
3553.jpg,0.24405728
3554.jpg,0.2983512
3555.jpg,0.16516171
3556.jpg,0.3597512
3557.jpg,0.30437496
3558.jpg,0.41489807
3559.jpg,0.4745655
3560.jpg,0.2731244
3561.jpg,0.39552876
3562.jpg,0.35014406
3563.jpg,0.32813457
3564.jpg,0.35024625
3565.jpg,0.28027928
3566.jpg,0.5135362
3567.jpg,0.45247334
3568.jpg,0.66432714
3569.jpg,0.23176587
3570.jpg,0.44350266
3571.jpg,0.37912774
3572.jpg,0.40223664
3573.jpg,0.26290876
3574.jpg,0.3858953
3575.jpg,0.39226598
3576.jpg,0.999595
3577.jpg,0.35685825
3578.jpg,0.41981646
3579.jpg,0.45682997
3580.jpg,0.3145203
3581.jpg,0.4420127
3582.jpg,0.36899945
3583.jpg,0.42646322
3584.jpg,0.37348443
3585.jpg,0.9978923
3586.jpg,0.45767996
3587.jpg,0.2838316
3588.jpg,0.16548617
3589.jpg,0.47785038
3590.jpg,0.45776743
3591.jpg,0.3585067
3592.jpg,0.38266215
3593.jpg,0.187422
3594.jpg,0.33848232
3595.jpg,0.46214294
3596.jpg,0.36417702
3597.jpg,0.54290444
3598.jpg,0.4823282
3599.jpg,0.24398874
3600.jpg,0.99733645
3601.jpg,0.34230044
3602.jpg,0.48318425
3603.jpg,0.29970592
3604.jpg,0.24214897
3605.jpg,0.39979702
3606.jpg,0.40704975
3607.jpg,0.32961
3608.jpg,0.5110177
3609.jpg,0.34720123
3610.jpg,0.23914981
3611.jpg,0.38546154
3612.jpg,0.21314205
3613.jpg,0.39485493
3614.jpg,0.25350735
3615.jpg,0.29521403
3616.jpg,0.41427255
3617.jpg,0.23452117
3618.jpg,0.19016181
3619.jpg,0.32513162
3620.jpg,0.43242067
3621.jpg,0.8630224
3622.jpg,0.94224125
3623.jpg,0.08635389
3624.jpg,0.43467528
3625.jpg,0.21445309
3626.jpg,0.40238783
3627.jpg,0.6045755
3628.jpg,0.027071921
3629.jpg,0.9999335
3630.jpg,0.58961165
3631.jpg,0.3140922
3632.jpg,0.3819485
3633.jpg,0.4126844
3634.jpg,0.3453276
3635.jpg,0.3325183
3636.jpg,0.6051794
3637.jpg,0.3067018
3638.jpg,0.14980687
3639.jpg,0.1063076
3640.jpg,0.55121434
3641.jpg,0.42748943
3642.jpg,0.60967004
3643.jpg,0.47166017
3644.jpg,0.30221075
3645.jpg,0.9999547
3646.jpg,0.8428058
3647.jpg,0.39974788
3648.jpg,0.46494967
3649.jpg,0.48583263
3650.jpg,0.27746058
3651.jpg,0.18731308
3652.jpg,0.35734293
3653.jpg,0.44879785
3654.jpg,0.99990463
3655.jpg,0.3622194
3656.jpg,0.9992405
3657.jpg,0.17050987
3658.jpg,0.11581479
3659.jpg,0.16951416
3660.jpg,0.46065962
3661.jpg,0.2142707
3662.jpg,0.32599324
3663.jpg,0.4736689
3664.jpg,0.25155815
3665.jpg,0.23707935
3666.jpg,0.6785611
3667.jpg,0.052432727
3668.jpg,0.39741617
3669.jpg,0.8460384
3670.jpg,0.2659338
3671.jpg,0.48330694
3672.jpg,0.22884744
3673.jpg,0.9999999
3674.jpg,0.33966702
3675.jpg,0.41053706
3676.jpg,0.38076052
3677.jpg,0.31282452
3678.jpg,0.9998142
3679.jpg,0.35907295
3680.jpg,0.51758945
3681.jpg,0.19127738
3682.jpg,0.26249778
3683.jpg,0.5533719
3684.jpg,0.34404737
3685.jpg,0.9788206
3686.jpg,0.8213418
3687.jpg,0.20270309
3688.jpg,0.44303197
3689.jpg,0.30278862
3690.jpg,0.11859346
3691.jpg,0.2463189
3692.jpg,0.6265799
3693.jpg,0.39306423
3694.jpg,0.3342735
3695.jpg,0.26480564
3696.jpg,0.031006139
3697.jpg,0.53968805
3698.jpg,0.28282318
3699.jpg,0.2661561
3700.jpg,0.65983933
3701.jpg,0.38361484
3702.jpg,0.33038732
3703.jpg,0.3060617
3704.jpg,0.38326618
3705.jpg,0.49538004
3706.jpg,0.28416473
3707.jpg,0.32382548
3708.jpg,0.29272127
3709.jpg,0.3975047
3710.jpg,0.3657529
3711.jpg,0.43176836
3712.jpg,0.11916958
3713.jpg,0.39421633
3714.jpg,0.38336107
3715.jpg,0.2909883
3716.jpg,0.24668342
3717.jpg,0.32952628
3718.jpg,0.34519467
3719.jpg,0.6752709
3720.jpg,0.3402832
3721.jpg,0.3932841
3722.jpg,0.3596654
3723.jpg,0.42541754
3724.jpg,0.9976441
3725.jpg,0.26802024
3726.jpg,0.2467985
3727.jpg,0.3747838
3728.jpg,0.55058384
3729.jpg,0.08507254
3730.jpg,0.9297501
3731.jpg,0.2917935
3732.jpg,0.45351544
3733.jpg,0.7196188
3734.jpg,0.2676044
3735.jpg,0.9999013
3736.jpg,0.46629947
3737.jpg,0.34161213
3738.jpg,0.3005027
3739.jpg,0.24151695
3740.jpg,0.31577763
3741.jpg,0.29870272
3742.jpg,0.20644875
3743.jpg,0.35447344
3744.jpg,0.37440392
3745.jpg,0.42907822
3746.jpg,0.05955708
3747.jpg,0.21314988
3748.jpg,0.49745882
3749.jpg,0.028696118
3750.jpg,0.29883468
3751.jpg,0.35722208
3752.jpg,0.07043751
3753.jpg,0.4400692
3754.jpg,0.43239123
3755.jpg,0.9999609
3756.jpg,0.99995327
3757.jpg,0.39793095
3758.jpg,0.22708724
3759.jpg,0.4509175
3760.jpg,0.49186686
3761.jpg,0.22705458
3762.jpg,0.48951894
3763.jpg,0.388986
3764.jpg,0.32249966
3765.jpg,0.8400616
3766.jpg,0.58620197
3767.jpg,0.99933654
3768.jpg,0.45887664
3769.jpg,0.39983803
3770.jpg,0.41227373
3771.jpg,0.23991717
3772.jpg,0.6271682
3773.jpg,0.5713649
3774.jpg,0.8856568
3775.jpg,0.29614863
3776.jpg,0.4317359
3777.jpg,0.4014068
3778.jpg,0.3810142
3779.jpg,0.9600719
3780.jpg,0.3960446
3781.jpg,0.37592176
3782.jpg,0.14912981
3783.jpg,0.07819658
3784.jpg,0.33839408
3785.jpg,0.5095213
3786.jpg,0.54441863
3787.jpg,0.38819575
3788.jpg,0.33439928
3789.jpg,0.27089566
3790.jpg,0.4345102
3791.jpg,0.30679715
3792.jpg,0.8495595
3793.jpg,0.4108086
3794.jpg,0.3432989
3795.jpg,0.44617897
3796.jpg,0.24279447
3797.jpg,0.9998702
3798.jpg,0.4201335
3799.jpg,0.37269962
3800.jpg,0.39059955
3801.jpg,0.47259822
3802.jpg,0.33687776
3803.jpg,0.3498679
3804.jpg,0.48774
3805.jpg,0.4852547
3806.jpg,0.58861494
3807.jpg,0.09412132
3808.jpg,0.46650463
3809.jpg,0.54086065
3810.jpg,0.23834296
3811.jpg,0.51608723
3812.jpg,0.4240631
3813.jpg,0.9623834
3814.jpg,0.40188676
3815.jpg,0.26664102
3816.jpg,0.45707196
3817.jpg,0.1718557
3818.jpg,0.4485004
3819.jpg,0.35488006
3820.jpg,0.42233336
3821.jpg,0.42496368
3822.jpg,0.26673338
3823.jpg,0.64557135
3824.jpg,0.022694731
3825.jpg,0.30494535
3826.jpg,0.6278626
3827.jpg,0.13930158
3828.jpg,0.37661824
3829.jpg,0.3213768
3830.jpg,0.41424546
3831.jpg,0.42192742
3832.jpg,0.23478459
3833.jpg,0.44794956
3834.jpg,0.45743603
3835.jpg,0.41147083
3836.jpg,0.3789416
3837.jpg,0.3946305
3838.jpg,0.53718543
3839.jpg,0.34287584
3840.jpg,0.40879396
3841.jpg,0.47510564
3842.jpg,0.3942545
3843.jpg,0.5018161
3844.jpg,0.9920907
3845.jpg,0.52599365
3846.jpg,0.38432613
3847.jpg,0.13364837
3848.jpg,0.41708595
3849.jpg,0.32696685
3850.jpg,0.3613133
3851.jpg,0.38376358
3852.jpg,0.26042363
3853.jpg,0.44065064
3854.jpg,0.20224153
3855.jpg,0.26578054
3856.jpg,0.47023517
3857.jpg,0.32774568
3858.jpg,0.47223747
3859.jpg,0.34684205
3860.jpg,0.5532444
3861.jpg,0.35960037
3862.jpg,0.8944421
3863.jpg,0.5015279
3864.jpg,0.20218883
3865.jpg,0.99987185
3866.jpg,0.32028714
3867.jpg,0.28161022
3868.jpg,0.038139395
3869.jpg,0.43124947
3870.jpg,0.49762234
3871.jpg,0.1798656
3872.jpg,0.42832792
3873.jpg,0.22719032
3874.jpg,0.28603774
3875.jpg,0.39083794
3876.jpg,0.31438693
3877.jpg,0.24380364
3878.jpg,0.2510495
3879.jpg,0.17254332
3880.jpg,0.2891114
3881.jpg,0.2937202
3882.jpg,0.5773124
3883.jpg,0.39442745
3884.jpg,0.28128722
3885.jpg,0.99673367
3886.jpg,0.44896883
3887.jpg,0.34050304
3888.jpg,0.6394971
3889.jpg,0.6271132
3890.jpg,0.23374993
3891.jpg,0.9912874
3892.jpg,0.32350263
3893.jpg,0.41596082
3894.jpg,0.3963366
3895.jpg,0.37129247
3896.jpg,0.4279159
3897.jpg,0.4099686
3898.jpg,0.31489536
3899.jpg,0.45360598
3900.jpg,0.50724304
3901.jpg,0.36596203
3902.jpg,0.29649466
3903.jpg,0.36780554
3904.jpg,0.99997044
3905.jpg,0.47391295
3906.jpg,0.3882789
3907.jpg,0.46764725
3908.jpg,0.28547847
3909.jpg,0.40664136
3910.jpg,0.1249367
3911.jpg,0.2602833
3912.jpg,0.17758687
3913.jpg,0.34571916
3914.jpg,0.9998435
3915.jpg,0.28243092
3916.jpg,0.18349501
3917.jpg,0.30524424
3918.jpg,0.53693
3919.jpg,0.39050382
3920.jpg,0.9953442
3921.jpg,0.074523166
3922.jpg,0.34751803
3923.jpg,0.39332727
3924.jpg,0.17634901
3925.jpg,0.38062808
3926.jpg,0.43419778
3927.jpg,0.93355167
3928.jpg,0.26173356
3929.jpg,0.33103877
3930.jpg,0.4282638
3931.jpg,0.19748284
3932.jpg,0.14993666
3933.jpg,0.3385178
3934.jpg,0.3690099
3935.jpg,0.26522258
3936.jpg,0.39113608
3937.jpg,0.22526579
3938.jpg,0.27281043
3939.jpg,0.3224286
3940.jpg,0.3278656
3941.jpg,0.34855118
3942.jpg,0.4289289
3943.jpg,0.3560904
3944.jpg,0.4558382
3945.jpg,0.39267802
3946.jpg,0.46502715
3947.jpg,0.5365727
3948.jpg,0.32881314
3949.jpg,0.8129565
3950.jpg,0.9998505
3951.jpg,0.3713907
3952.jpg,0.40356195
3953.jpg,0.41843516
3954.jpg,0.36355206
3955.jpg,0.45214835
3956.jpg,0.35208318
3957.jpg,0.45163155
3958.jpg,0.9997297
3959.jpg,0.4100234
3960.jpg,0.36742866
3961.jpg,0.13223211
3962.jpg,0.46712613
3963.jpg,0.38906172
3964.jpg,0.3747271
3965.jpg,0.3602321
3966.jpg,0.38563782
3967.jpg,0.99996805
3968.jpg,0.5710776
3969.jpg,0.26686978
3970.jpg,0.34265274
3971.jpg,0.41717738
3972.jpg,0.2794208
3973.jpg,0.3891257
3974.jpg,0.999982
3975.jpg,0.54112774
3976.jpg,0.3941796
3977.jpg,0.47871372
3978.jpg,0.42006984
3979.jpg,0.59496164
3980.jpg,0.16697854
3981.jpg,0.1001515
3982.jpg,0.43822408
3983.jpg,0.46014014
3984.jpg,0.33754086
3985.jpg,0.29833946
3986.jpg,0.4838422
3987.jpg,0.31289154
3988.jpg,0.37234056
3989.jpg,0.99975044
3990.jpg,0.46132427
3991.jpg,0.42701617
3992.jpg,0.584349
3993.jpg,0.15689352
3994.jpg,0.4685602
3995.jpg,0.39309597
3996.jpg,0.23561814
3997.jpg,0.45955622
3998.jpg,0.30046517
3999.jpg,0.34660506
4000.jpg,0.43525758
4001.jpg,0.21097772
4002.jpg,0.44365418
4003.jpg,0.34383798
4004.jpg,0.38491437
4005.jpg,0.4231636
4006.jpg,0.6144278
4007.jpg,0.57083666
4008.jpg,0.2578101
4009.jpg,0.32693523
4010.jpg,0.44553772
4011.jpg,0.41517618
4012.jpg,0.42514062
4013.jpg,0.326111
4014.jpg,0.20618545
4015.jpg,0.8176507
4016.jpg,0.07269819
4017.jpg,0.39260533
4018.jpg,0.16623992
4019.jpg,0.455703
4020.jpg,0.37455416
4021.jpg,0.39946613
4022.jpg,0.3610867
4023.jpg,0.25275442
4024.jpg,0.34761173
4025.jpg,0.49029362
4026.jpg,0.3152966
4027.jpg,0.35455966
4028.jpg,0.44026822
4029.jpg,0.35906473
4030.jpg,0.32277504
4031.jpg,0.49403614
4032.jpg,0.39515412
4033.jpg,0.24716762
4034.jpg,0.29985934
4035.jpg,0.38652784
4036.jpg,0.44571373
4037.jpg,0.20815516
4038.jpg,0.9998511
4039.jpg,0.20909342
4040.jpg,0.3009071
4041.jpg,0.42827058
4042.jpg,0.31508276
4043.jpg,0.3970569
4044.jpg,0.4834471
4045.jpg,0.42734113
4046.jpg,0.99971026
4047.jpg,0.9997836
4048.jpg,0.99986565
4049.jpg,0.24226283
4050.jpg,0.9999367
4051.jpg,0.3896366
4052.jpg,0.39824066
4053.jpg,0.07628809
4054.jpg,0.9997861
4055.jpg,0.41593653
4056.jpg,0.45611256
4057.jpg,0.43008578
4058.jpg,0.3247399
4059.jpg,0.43055394
4060.jpg,0.4689383
4061.jpg,0.29199025
4062.jpg,0.48425555
4063.jpg,0.43227506
4064.jpg,0.35896522
4065.jpg,0.42160407
4066.jpg,0.5131036
4067.jpg,0.91263056
4068.jpg,0.26846132
4069.jpg,0.53741586
4070.jpg,0.878212
4071.jpg,0.7333594
4072.jpg,0.4154205
4073.jpg,0.5946945
4074.jpg,0.40435347
4075.jpg,0.4786448
4076.jpg,0.3526204
4077.jpg,0.3700006
4078.jpg,0.43269876
4079.jpg,0.16811754
4080.jpg,0.725627
4081.jpg,0.34539452
4082.jpg,0.45502985
4083.jpg,0.39931834
4084.jpg,0.3062939
4085.jpg,0.21870658
4086.jpg,0.33109215
4087.jpg,0.29142657
4088.jpg,0.99989855
4089.jpg,0.46415934
4090.jpg,0.49649718
4091.jpg,0.16046119
4092.jpg,0.5214617
4093.jpg,0.29125807
4094.jpg,0.4627816
4095.jpg,0.14377232
4096.jpg,0.21049725
4097.jpg,0.23775637
4098.jpg,0.0049015153
4099.jpg,0.99999857
4100.jpg,0.54062426
4101.jpg,0.45219797
4102.jpg,0.3135258
4103.jpg,0.45403835
4104.jpg,0.5108763
4105.jpg,0.39334542
4106.jpg,0.48117298
4107.jpg,0.37642223
4108.jpg,0.30233395
4109.jpg,0.36142173
4110.jpg,0.24238916
4111.jpg,0.3605107
4112.jpg,0.36829576
4113.jpg,0.3353056
4114.jpg,0.28394353
4115.jpg,0.22274053
4116.jpg,0.28683692
4117.jpg,0.35662144
4118.jpg,0.45434907
4119.jpg,0.38171303
4120.jpg,0.9991013
4121.jpg,0.3778479
4122.jpg,0.6208827
4123.jpg,0.9999553
4124.jpg,0.076149456
4125.jpg,0.3681064
4126.jpg,0.4350853
4127.jpg,0.39561322
4128.jpg,0.38223746
4129.jpg,0.21350452
4130.jpg,0.17275006
4131.jpg,0.43785143
4132.jpg,0.99799466
4133.jpg,0.007176858
4134.jpg,0.39529213
4135.jpg,0.6733259
4136.jpg,0.31852797
4137.jpg,0.268748
4138.jpg,0.32993358
4139.jpg,0.9846421
4140.jpg,0.40293998
4141.jpg,0.4343492
4142.jpg,0.44869357
4143.jpg,0.35417566
4144.jpg,0.37496394
4145.jpg,0.9996785
4146.jpg,0.462992
4147.jpg,0.36445752
4148.jpg,0.5534247
4149.jpg,0.30784768
4150.jpg,0.4288066
4151.jpg,0.5115305
4152.jpg,0.7379826
4153.jpg,0.32948604
4154.jpg,0.5145315
4155.jpg,0.9998648
4156.jpg,0.44906092
4157.jpg,0.28695548
4158.jpg,0.4387149
4159.jpg,0.62104726
4160.jpg,0.28682104
4161.jpg,0.24901564
4162.jpg,0.36704314
4163.jpg,0.03283119
4164.jpg,0.2603666
4165.jpg,0.093026645
4166.jpg,0.3864072
4167.jpg,0.47684932
4168.jpg,0.213385
4169.jpg,0.39438587
4170.jpg,0.19268015
4171.jpg,0.9998258
4172.jpg,0.3840156
4173.jpg,0.53006136
4174.jpg,0.40288875
4175.jpg,0.5202213
4176.jpg,0.33299002
4177.jpg,0.5689622
4178.jpg,0.41822582
4179.jpg,0.2381339
4180.jpg,0.46165055
4181.jpg,0.27561402
4182.jpg,0.24030739
4183.jpg,0.19950952
4184.jpg,0.49047536
4185.jpg,0.106100805
4186.jpg,0.24440776
4187.jpg,0.46439236
4188.jpg,0.057989884
4189.jpg,0.4062671
4190.jpg,0.2803105
4191.jpg,0.21416661
4192.jpg,0.4031879
4193.jpg,0.08991705
4194.jpg,0.091710016
4195.jpg,0.3479586
4196.jpg,0.9990024
4197.jpg,0.9879775
4198.jpg,0.42139503
4199.jpg,0.9998017
4200.jpg,0.35953113
4201.jpg,0.24262398
4202.jpg,0.9980324
4203.jpg,0.27452528
4204.jpg,0.44366086
4205.jpg,0.5292266
4206.jpg,0.41306442
4207.jpg,0.31683576
4208.jpg,0.4479638
4209.jpg,0.3770504
4210.jpg,0.47881466
4211.jpg,0.098771736
4212.jpg,0.47236228
4213.jpg,0.41743672
4214.jpg,0.39462572
4215.jpg,0.6054743
4216.jpg,0.2809359
4217.jpg,0.40927565
4218.jpg,0.4567728
4219.jpg,0.39447457
4220.jpg,0.41156337
4221.jpg,0.3998617
4222.jpg,0.42488676
4223.jpg,0.4997431
4224.jpg,0.8397583
4225.jpg,0.3782302
4226.jpg,0.30361837
4227.jpg,0.40696254
4228.jpg,0.5081877
4229.jpg,0.32761493
4230.jpg,0.34172928
4231.jpg,0.4253223
4232.jpg,0.44286758
4233.jpg,0.19420764
4234.jpg,0.43097422
4235.jpg,0.3403865
4236.jpg,0.8520199
4237.jpg,0.34869295
4238.jpg,0.42678624
4239.jpg,0.49944213
4240.jpg,0.43668878
4241.jpg,0.3268867
4242.jpg,0.25102675
4243.jpg,0.3903257
4244.jpg,0.28622136
4245.jpg,0.33965775
4246.jpg,0.40127128
4247.jpg,0.999912
4248.jpg,0.18523705
4249.jpg,0.49121764
4250.jpg,0.36307403
4251.jpg,0.10721315
4252.jpg,0.99996305
4253.jpg,0.99985635
4254.jpg,0.76867414
4255.jpg,0.45685256
4256.jpg,0.31058607
4257.jpg,0.23715316
4258.jpg,0.44351777
4259.jpg,0.421201
4260.jpg,0.39953393
4261.jpg,0.23338081
4262.jpg,0.5582055
4263.jpg,0.47675776
4264.jpg,0.3363567
4265.jpg,0.31885096
4266.jpg,0.353394
4267.jpg,0.47039217
4268.jpg,0.99996483
4269.jpg,0.22398359
4270.jpg,0.27371162
4271.jpg,0.7789671
4272.jpg,0.24167219
4273.jpg,0.7952698
4274.jpg,0.48704615
4275.jpg,0.26688525
4276.jpg,0.4856705
4277.jpg,0.43725637
4278.jpg,0.47417817
4279.jpg,0.3179542
4280.jpg,0.33601248
4281.jpg,0.10462413
4282.jpg,0.3595661
4283.jpg,0.25979602
4284.jpg,0.4306341
4285.jpg,0.9999778
4286.jpg,0.43380168
4287.jpg,0.4536995
4288.jpg,0.68731546
4289.jpg,0.47309273
4290.jpg,0.3832895
4291.jpg,0.38979
4292.jpg,0.99995637
4293.jpg,0.81260836
4294.jpg,0.27047002
4295.jpg,0.39005718
4296.jpg,0.49725586
4297.jpg,0.45194685
4298.jpg,0.30274257
4299.jpg,0.41954604
4300.jpg,0.5006038
4301.jpg,0.2571201
4302.jpg,0.36182383
4303.jpg,0.22272238
4304.jpg,0.4539063
4305.jpg,0.36391774
4306.jpg,0.37170875
4307.jpg,0.16494435
4308.jpg,0.39205328
4309.jpg,0.48935834
4310.jpg,0.30328524
4311.jpg,0.4753374
4312.jpg,0.4177397
4313.jpg,0.15104125
4314.jpg,0.074008375
4315.jpg,0.40679976
4316.jpg,0.4035562
4317.jpg,0.40206766
4318.jpg,0.4437111
4319.jpg,0.279469
4320.jpg,0.3797759
4321.jpg,0.36007622
4322.jpg,0.79441565
4323.jpg,0.19924584
4324.jpg,0.4783894
4325.jpg,0.4179423
4326.jpg,0.97183496
4327.jpg,0.530606
4328.jpg,0.38525772
4329.jpg,0.2493637
4330.jpg,0.26183397
4331.jpg,0.1804463
4332.jpg,0.5031721
4333.jpg,0.09568321
4334.jpg,0.46228558
4335.jpg,0.41200387
4336.jpg,0.35572818
4337.jpg,0.27226257
4338.jpg,0.83197975
4339.jpg,0.91399014
4340.jpg,0.998005
4341.jpg,0.34817955
4342.jpg,0.4193208
4343.jpg,0.86475414
4344.jpg,0.9426473
4345.jpg,0.46138877
4346.jpg,0.40605134
4347.jpg,0.45163715
4348.jpg,0.1316373
4349.jpg,0.49673405
4350.jpg,0.042032126
4351.jpg,0.40200493
4352.jpg,0.4798
4353.jpg,0.16353694
4354.jpg,0.42151207
4355.jpg,0.35740426
4356.jpg,0.48292467
4357.jpg,0.340195
4358.jpg,0.57058406
4359.jpg,0.6005615
4360.jpg,0.32616866
4361.jpg,0.39299062
4362.jpg,0.5115006
4363.jpg,0.36596233
4364.jpg,0.25296152
4365.jpg,0.3958046
4366.jpg,0.3984968
4367.jpg,0.37681144
4368.jpg,0.41859743
4369.jpg,0.32912502
4370.jpg,0.34803614
4371.jpg,0.63824487
4372.jpg,0.34955016
4373.jpg,0.38532242
4374.jpg,0.22220612
4375.jpg,0.32743347
4376.jpg,0.35533935
4377.jpg,0.3285122
4378.jpg,0.54425687
4379.jpg,0.34326205
4380.jpg,0.3382179
4381.jpg,0.25305307
4382.jpg,0.3994143
4383.jpg,0.5149837
4384.jpg,0.1334918
4385.jpg,0.23208787
4386.jpg,0.28493237
4387.jpg,0.46399513
4388.jpg,0.35663468
4389.jpg,0.60058296
4390.jpg,0.34781957
4391.jpg,0.58824086
4392.jpg,0.3853892
4393.jpg,0.36403978
4394.jpg,0.42365912
4395.jpg,0.4886878
4396.jpg,0.17630686
4397.jpg,0.47328758
4398.jpg,0.40260646
4399.jpg,0.37101942
4400.jpg,0.27149355
4401.jpg,0.51245713
4402.jpg,0.37168366
4403.jpg,0.22432144
4404.jpg,0.23101364
4405.jpg,0.44613013
4406.jpg,0.41641295
4407.jpg,0.21916537
4408.jpg,0.68595636
4409.jpg,0.3009736
4410.jpg,0.6964762
4411.jpg,0.4187794
4412.jpg,0.41756082
4413.jpg,0.2490842
4414.jpg,0.40914536
4415.jpg,0.6039009
4416.jpg,0.24067937
4417.jpg,0.47249764
4418.jpg,0.013206046
4419.jpg,0.2674425
4420.jpg,0.61014885
4421.jpg,0.43102258
4422.jpg,0.41834295
4423.jpg,0.55149245
4424.jpg,0.33876684
4425.jpg,0.3787639
4426.jpg,0.3517195
4427.jpg,0.37572193
4428.jpg,0.48308364
4429.jpg,0.30702284
4430.jpg,0.9999912
4431.jpg,0.2822774
4432.jpg,0.9999784
4433.jpg,0.082817025
4434.jpg,0.45743716
4435.jpg,0.33755758
4436.jpg,0.5020313
4437.jpg,0.9125958
4438.jpg,0.3613804
4439.jpg,0.4368153
4440.jpg,0.3678604
4441.jpg,0.5453481
4442.jpg,0.48214647
4443.jpg,0.3533036
4444.jpg,0.60154355
4445.jpg,0.4314619
4446.jpg,0.9869437
4447.jpg,0.82770085
4448.jpg,0.5082261
4449.jpg,0.26069176
4450.jpg,0.21568501
4451.jpg,0.4679134
4452.jpg,0.38664258
4453.jpg,0.46977976
4454.jpg,0.39822644
4455.jpg,0.28151974
4456.jpg,0.99998736
4457.jpg,0.29238048
4458.jpg,0.577898
4459.jpg,0.020513944
4460.jpg,0.43596295
4461.jpg,0.18226802
4462.jpg,0.38240537
4463.jpg,0.26324326
4464.jpg,0.31709844
4465.jpg,0.2830853
4466.jpg,0.99996746
4467.jpg,0.45103642
4468.jpg,0.32743445
4469.jpg,0.7807185
4470.jpg,0.27195242
4471.jpg,0.7015788
4472.jpg,0.12965842
4473.jpg,0.44889477
4474.jpg,0.7173182
4475.jpg,0.644152
4476.jpg,0.40147096
4477.jpg,0.22523023
4478.jpg,0.4203964
4479.jpg,0.44593102
4480.jpg,0.20563926
4481.jpg,0.47530502
4482.jpg,0.0054393476
4483.jpg,0.15044442
4484.jpg,0.9999305
4485.jpg,0.20788725
4486.jpg,0.49220797
4487.jpg,0.60596156
4488.jpg,0.4114953
4489.jpg,0.30940002
4490.jpg,0.5831572
4491.jpg,0.44285288
4492.jpg,0.4644497
4493.jpg,0.5293594
4494.jpg,0.4609259
4495.jpg,0.30035892
4496.jpg,0.34148267
4497.jpg,0.5302856
4498.jpg,0.37313783
4499.jpg,0.066850305
4500.jpg,0.039174337
4501.jpg,0.44290885
4502.jpg,0.35583857
4503.jpg,0.42497453
4504.jpg,0.425938
4505.jpg,0.38174123
4506.jpg,0.45366192
4507.jpg,0.4209301
4508.jpg,0.48387483
4509.jpg,0.4994683
4510.jpg,0.2920172
4511.jpg,0.23917632
4512.jpg,0.31407544
4513.jpg,0.37009746
4514.jpg,0.25249717
4515.jpg,0.4457014
4516.jpg,0.28787792
4517.jpg,0.4282112
4518.jpg,0.30180195
4519.jpg,0.44556293
4520.jpg,0.23499829
4521.jpg,0.5786226
4522.jpg,0.21037607
4523.jpg,0.43949538
4524.jpg,0.25709963
4525.jpg,0.5371235
4526.jpg,0.48670104
4527.jpg,0.31960416
4528.jpg,0.5111441
4529.jpg,0.5183292
4530.jpg,0.49089718
4531.jpg,0.46689484
4532.jpg,0.34279218
4533.jpg,0.29279792
4534.jpg,0.5456479
4535.jpg,0.6940989
4536.jpg,0.40564832
4537.jpg,0.45142743
4538.jpg,0.9873962
4539.jpg,0.42685515
4540.jpg,0.45391652
4541.jpg,0.36970064
4542.jpg,0.9117398
4543.jpg,0.16007394
4544.jpg,0.07647886
4545.jpg,0.41272834
4546.jpg,0.24297932
4547.jpg,0.33158013
4548.jpg,0.4756301
4549.jpg,0.6730931
4550.jpg,0.3423682
4551.jpg,0.82996243
4552.jpg,0.42106152
4553.jpg,0.45734355
4554.jpg,0.2201262
4555.jpg,0.39892784
4556.jpg,0.30108586
4557.jpg,0.36933252
4558.jpg,0.24070694
4559.jpg,0.54722357
4560.jpg,0.5483354
4561.jpg,0.5591633
4562.jpg,0.338243
4563.jpg,0.49717617
4564.jpg,0.47610813
4565.jpg,0.1427997
4566.jpg,0.9999306
4567.jpg,0.2292681
4568.jpg,0.35784718
4569.jpg,0.2942654
4570.jpg,0.42402157
4571.jpg,0.5017469
4572.jpg,0.3630347
4573.jpg,0.39541623
4574.jpg,0.44586712
4575.jpg,0.42062515
4576.jpg,0.09839024
4577.jpg,0.5864889
4578.jpg,0.58225006
4579.jpg,0.43863016
4580.jpg,0.31725058
4581.jpg,0.38647172
4582.jpg,0.35448885
4583.jpg,0.2888827
4584.jpg,0.5304176
4585.jpg,0.41621697
4586.jpg,0.33215117
4587.jpg,0.33331725
4588.jpg,0.29237035
4589.jpg,0.38970983
4590.jpg,0.521102
4591.jpg,0.35251692
4592.jpg,0.59124047
4593.jpg,0.26484305
4594.jpg,0.26439297
4595.jpg,0.429902
4596.jpg,0.38038296
4597.jpg,1.0
4598.jpg,0.2931648
4599.jpg,0.3561032
4600.jpg,0.16285576
4601.jpg,0.037072904
4602.jpg,0.41384277
4603.jpg,0.25664955
4604.jpg,0.30516347
4605.jpg,0.45364273
4606.jpg,0.24919502
4607.jpg,0.49485362
4608.jpg,0.41427216
4609.jpg,0.3972967
4610.jpg,0.18919566
4611.jpg,0.17255428
4612.jpg,0.33055332
4613.jpg,0.2736788
4614.jpg,0.36449426
4615.jpg,0.3223649
4616.jpg,0.086988926
4617.jpg,0.46703652
4618.jpg,0.49511245
4619.jpg,0.809853
4620.jpg,0.29217905
4621.jpg,0.9998636
4622.jpg,0.36109114
4623.jpg,0.33238795
4624.jpg,0.40944698
4625.jpg,0.17154318
4626.jpg,0.3352922
4627.jpg,0.3256572
4628.jpg,0.1757052
4629.jpg,0.46397722
4630.jpg,0.39083394
4631.jpg,0.5051816
4632.jpg,0.16255699
4633.jpg,0.11375065
4634.jpg,0.2946927
4635.jpg,0.30523315
4636.jpg,0.2527332
4637.jpg,0.34090665
4638.jpg,0.33424857
4639.jpg,0.35059974
4640.jpg,0.3801537
4641.jpg,0.32689452
4642.jpg,0.9994363
4643.jpg,0.5616143
4644.jpg,0.31168228
4645.jpg,0.4185045
4646.jpg,0.32296768
4647.jpg,0.2751002
4648.jpg,0.99994266
4649.jpg,0.08453498
4650.jpg,0.9456785
4651.jpg,0.35724396
4652.jpg,0.35054636
4653.jpg,0.3729734
4654.jpg,0.33699816
4655.jpg,0.34020358
4656.jpg,0.21216919
4657.jpg,0.5077971
4658.jpg,0.3621495
4659.jpg,0.32866037
4660.jpg,0.43341357
4661.jpg,0.42542458
4662.jpg,0.5149109
4663.jpg,0.2964059
4664.jpg,0.49773574
4665.jpg,0.39004046
4666.jpg,0.49980518
4667.jpg,0.4997225
4668.jpg,0.9344905
4669.jpg,0.69790334
4670.jpg,0.339661
4671.jpg,0.422942
4672.jpg,0.45180976
4673.jpg,0.18733545
4674.jpg,0.39391494
4675.jpg,0.3737506
4676.jpg,0.22995491
4677.jpg,0.3908254
4678.jpg,0.28265807
4679.jpg,0.32531828
4680.jpg,0.40967086
4681.jpg,0.48419732
4682.jpg,0.32210997
4683.jpg,0.50273114
4684.jpg,0.4854394
4685.jpg,0.99949515
4686.jpg,0.19516239
4687.jpg,0.18244071
4688.jpg,0.34667763
4689.jpg,0.527425
4690.jpg,0.4346247
4691.jpg,0.99986243
4692.jpg,0.44193655
4693.jpg,0.03894207
4694.jpg,0.99999523
4695.jpg,0.98001134
4696.jpg,0.32465342
4697.jpg,0.3096912
4698.jpg,0.3850632
4699.jpg,0.44575766
4700.jpg,0.38633296
4701.jpg,0.99994326
4702.jpg,0.34342906
4703.jpg,0.33281347
4704.jpg,0.34689403
4705.jpg,0.43542558
4706.jpg,0.4590084
4707.jpg,0.45250294
4708.jpg,0.42212895
4709.jpg,0.13632669
4710.jpg,0.37781364
4711.jpg,0.43137202
4712.jpg,0.65283555
4713.jpg,0.50131243
4714.jpg,0.22965646
4715.jpg,0.42218226
4716.jpg,0.63589436
4717.jpg,0.5272594
4718.jpg,0.29383704
4719.jpg,0.29075626
4720.jpg,0.36840948
4721.jpg,0.41395968
4722.jpg,0.37217903
4723.jpg,0.43859956
4724.jpg,0.45930877
4725.jpg,0.31982657
4726.jpg,0.40861288
4727.jpg,0.9676385
4728.jpg,0.37629
4729.jpg,0.28513607
4730.jpg,0.47490227
4731.jpg,0.37737665
4732.jpg,0.17681773
4733.jpg,0.23030803
4734.jpg,0.43404064
4735.jpg,0.50371623
4736.jpg,0.44968608
4737.jpg,0.42886674
4738.jpg,0.3643246
4739.jpg,0.22163813
4740.jpg,0.48643056
4741.jpg,0.25269294
4742.jpg,0.519234
4743.jpg,0.32109845
4744.jpg,0.50605714
4745.jpg,0.48621163
4746.jpg,0.42599896
4747.jpg,0.27807987
4748.jpg,0.2140541
4749.jpg,0.7858773
4750.jpg,0.34063768
4751.jpg,0.3872685
4752.jpg,0.37388596
4753.jpg,0.3371706
4754.jpg,0.40445742
4755.jpg,0.29722244
4756.jpg,0.35550162
4757.jpg,0.539306
4758.jpg,0.9999285
4759.jpg,0.15772328
4760.jpg,0.37910932
4761.jpg,0.17140666
4762.jpg,0.27820367
4763.jpg,0.51103646
4764.jpg,0.14547098
4765.jpg,0.08016469
4766.jpg,0.38520518
4767.jpg,0.30038378
4768.jpg,0.4869749
4769.jpg,0.45767352
4770.jpg,0.37401736
4771.jpg,0.29300216
4772.jpg,0.41027123
4773.jpg,0.42089868
4774.jpg,0.08378736
4775.jpg,0.4099357
4776.jpg,0.3599672
4777.jpg,0.11743957
4778.jpg,0.3873937
4779.jpg,0.99980885
4780.jpg,0.34968597
4781.jpg,0.3569568
4782.jpg,0.10327672
4783.jpg,0.08059715
4784.jpg,0.55117255
4785.jpg,0.44802228
4786.jpg,0.9999821
4787.jpg,0.30285227
4788.jpg,0.27659646
4789.jpg,0.3519132
4790.jpg,0.044969957
4791.jpg,0.34038332
4792.jpg,0.9998061
4793.jpg,0.30089512
4794.jpg,0.4138302
4795.jpg,0.05864031
4796.jpg,0.06377736
4797.jpg,0.4012165
4798.jpg,0.40735593
4799.jpg,0.42933834
4800.jpg,0.36310807
4801.jpg,0.41782045
4802.jpg,0.46726242
4803.jpg,0.38195345
4804.jpg,0.40093678
4805.jpg,0.18427877
4806.jpg,0.5073599
4807.jpg,0.5021111
4808.jpg,0.4759077
4809.jpg,0.40674993
4810.jpg,0.54184556
4811.jpg,0.4268117
4812.jpg,0.48719928
4813.jpg,0.38178405
4814.jpg,0.55269164
4815.jpg,0.19644482
4816.jpg,0.9688338
4817.jpg,0.50637454
4818.jpg,0.39990026
4819.jpg,0.28518397
4820.jpg,0.5046752
4821.jpg,0.24643049
4822.jpg,0.23682073
4823.jpg,0.34628922
4824.jpg,0.99995935
4825.jpg,0.576375
4826.jpg,0.3562502
4827.jpg,0.26276314
4828.jpg,0.5287466
4829.jpg,0.3736971
4830.jpg,0.2983875
4831.jpg,0.9926172
4832.jpg,0.21376589
4833.jpg,0.021233171
4834.jpg,0.3643771
4835.jpg,0.34469467
4836.jpg,0.34067085
4837.jpg,0.3359317
4838.jpg,0.3881585
4839.jpg,0.3885156
4840.jpg,0.27461728
4841.jpg,0.44091347
4842.jpg,0.4034419
4843.jpg,0.5237691
4844.jpg,0.42958272
4845.jpg,0.44251242
4846.jpg,0.49678758
4847.jpg,0.55704385
4848.jpg,0.3028014
4849.jpg,0.3385943
4850.jpg,0.38978362
4851.jpg,0.99950063
4852.jpg,0.4050463
4853.jpg,0.42420474
4854.jpg,0.63756245
4855.jpg,0.20405526
4856.jpg,0.40710282
4857.jpg,0.32622167
4858.jpg,0.8256969
4859.jpg,0.41406167
4860.jpg,0.17776409
4861.jpg,0.20666002
4862.jpg,0.19040564
4863.jpg,0.00450423
4864.jpg,0.9999485
4865.jpg,0.4338081
4866.jpg,0.33843088
4867.jpg,0.42714357
4868.jpg,0.37813047
4869.jpg,0.23196508
4870.jpg,0.63515484
4871.jpg,0.35075474
4872.jpg,0.4168507
4873.jpg,0.4590831
4874.jpg,0.33969313
4875.jpg,0.49352604
4876.jpg,0.22074431
4877.jpg,0.22728053
4878.jpg,0.9999292
4879.jpg,0.37787107
4880.jpg,0.500055
4881.jpg,0.18250749
4882.jpg,0.802621
4883.jpg,0.4248572
4884.jpg,0.9614672
4885.jpg,0.42879108
4886.jpg,0.20614266
4887.jpg,0.06153213
4888.jpg,0.3037279
4889.jpg,0.44498897
4890.jpg,0.73502654
4891.jpg,0.30725664
4892.jpg,0.88561875
4893.jpg,0.44766307
4894.jpg,0.40670484
4895.jpg,0.3104795
4896.jpg,0.35172772
4897.jpg,0.2897443
4898.jpg,0.28636378
4899.jpg,0.34667444
4900.jpg,0.46008477
4901.jpg,0.98132783
4902.jpg,0.2291037
4903.jpg,0.9808271
4904.jpg,0.106540665
4905.jpg,0.4353714
4906.jpg,0.3781068
4907.jpg,0.44135842
4908.jpg,0.33063173
4909.jpg,0.1048915
4910.jpg,0.29967055
4911.jpg,0.4171579
4912.jpg,0.5822433
4913.jpg,0.12822087
4914.jpg,0.36647683
4915.jpg,0.40124357
4916.jpg,0.4833758
4917.jpg,0.47970638
4918.jpg,0.8541687
4919.jpg,0.4290342
4920.jpg,0.39473224
4921.jpg,0.34463316
4922.jpg,0.55445427
4923.jpg,0.9998766
4924.jpg,0.4237751
4925.jpg,0.46737066
4926.jpg,0.5064031
4927.jpg,0.09312389
4928.jpg,0.4760813
4929.jpg,0.3281491
4930.jpg,0.332934
4931.jpg,0.7850465
4932.jpg,0.68141365
4933.jpg,0.26846474
4934.jpg,0.40779343
4935.jpg,0.5083611
4936.jpg,0.42019507
4937.jpg,0.29289234
4938.jpg,0.53413796
4939.jpg,0.41494066
4940.jpg,0.1682164
4941.jpg,0.3686619
4942.jpg,0.11315425
4943.jpg,0.4378444
4944.jpg,0.43414003
4945.jpg,0.4194382
4946.jpg,0.23268916
4947.jpg,0.39392808
4948.jpg,0.35813394
4949.jpg,0.14676765
4950.jpg,0.9872224
4951.jpg,0.37429467
4952.jpg,0.45057407
4953.jpg,0.5115847
4954.jpg,0.30968225
4955.jpg,0.3109741
4956.jpg,0.2873306
4957.jpg,0.36552852
4958.jpg,0.21313344
4959.jpg,0.4424967
4960.jpg,0.26697344
4961.jpg,0.41616145
4962.jpg,0.2861447
4963.jpg,0.26444268
4964.jpg,0.409195
4965.jpg,0.997809
4966.jpg,0.42652538
4967.jpg,0.395451
4968.jpg,0.43198544
4969.jpg,0.38558102
4970.jpg,0.1599077
4971.jpg,0.29402333
4972.jpg,0.30296502
4973.jpg,0.9987262
4974.jpg,0.28722703
4975.jpg,0.50516135
4976.jpg,0.9848083
4977.jpg,0.32536885
4978.jpg,0.31882602
4979.jpg,0.42700922
4980.jpg,0.31618017
4981.jpg,0.99711275
4982.jpg,0.4409265
4983.jpg,0.5779683
4984.jpg,0.50118816
4985.jpg,0.40678245
4986.jpg,0.342617
4987.jpg,0.37634316
4988.jpg,0.36474243
4989.jpg,0.31487116
4990.jpg,0.99952483
4991.jpg,0.07074139
4992.jpg,0.2815216
4993.jpg,0.39722767
4994.jpg,0.16536461
4995.jpg,0.46821472
4996.jpg,0.826029
4997.jpg,0.33905032
4998.jpg,0.42189825
4999.jpg,0.40989846
5000.jpg,0.4433892
